Class			Basic helix-loop-helix factors (bHLH)	Basic helix-loop-helix factors (bHLH)	Basic helix-loop-helix factors (bHLH)	Basic helix-loop-helix factors (bHLH)	Basic helix-loop-helix factors (bHLH)	Basic helix-loop-helix factors (bHLH)	Basic helix-loop-helix factors (bHLH)	Basic helix-loop-helix factors (bHLH)	Basic helix-loop-helix factors (bHLH)	Basic leucine zipper factors (bZIP)	Basic leucine zipper factors (bZIP)	Basic leucine zipper factors (bZIP)	Basic leucine zipper factors (bZIP)	Basic leucine zipper factors (bZIP)	C2H2 zinc finger factors	C2H2 zinc finger factors	C2H2 zinc finger factors	C2H2 zinc finger factors	C2H2 zinc finger factors	C2H2 zinc finger factors	C2H2 zinc finger factors	Fork head/winged helix factors	Fork head/winged helix factors	Fork head/winged helix factors	Fork head/winged helix factors	Fork head/winged helix factors	Fork head/winged helix factors	Fork head/winged helix factors	Fork head/winged helix factors	Fork head/winged helix factors	Fork head/winged helix factors	Fork head/winged helix factors	Fork head/winged helix factors	Fork head/winged helix factors	Fork head/winged helix factors	Fork head/winged helix factors	Heat shock factors	High-mobility group (HMG) domain factors	High-mobility group (HMG) domain factors	High-mobility group (HMG) domain factors	High-mobility group (HMG) domain factors	Homeo domain factors	Homeo domain factors	Homeo domain factors	Homeo domain factors	Homeo domain factors	Homeo domain factors	Homeo domain factors	Homeo domain factors	Homeo domain factors	Homeo domain factors	Homeo domain factors	Homeo domain factors	Homeo domain factors	Homeo domain factors	Homeo domain factors	Homeo domain factors	Homeo domain factors	Homeo domain factors	Homeo domain factors	Homeo domain factors	Homeo domain factors	Homeo domain factors	Homeo domain factors	Homeo domain factors	Homeo domain factors	Homeo domain factors	Homeo domain factors	Homeo domain factors	Homeo domain factors	Homeo domain factors	Other C4 zinc finger-type factors	Other C4 zinc finger-type factors	Rel homology region (RHR) factors	Rel homology region (RHR) factors	T-Box factors	T-Box factors	T-Box factors	T-Box factors	T-Box factors	Tryptophan cluster factors	Tryptophan cluster factors	Tryptophan cluster factors	Tryptophan cluster factors	Tryptophan cluster factors	Tryptophan cluster factors
TF			AP4	Atoh7	Hes-b	Hes-c	Hey	Max	Mitf	Tcf3-4-12	Usf	Cebpg	Creb1	Fos-b	large-Maf	small-Maf	Klf15	Klf3/8/12	Klf5-like	Klf6-7-like	Macho-1	Snail	YY1-2	FoxA-a	FoxA-b	FoxB	FoxD-b	FoxE	FoxF	FoxG	FoxI-a	FoxI-b	FoxI-c	FoxK	FoxL2	FoxM	FoxO	FoxQ	Hsf1-2-4	SoxB1	SoxB2	SoxC	SoxF	Atbf	Bsx	Dlx-b	Dlx-c	Emx	Gsx	Hex	Hmbox1	Hnf1	Hox1	Hox3	Hox4	Hox5	Isx	Lhx3/4	Lmx-b	Meox	Mnx	Msx	Nk-1	Nk-3	Nkx3	Noto	Otp	Otx	Prop	Rax	Six3/6	Tlx	Uncx-b	GATA-a	GATA1/2/3	NFkb	Rel	Brachyury	Tbox-a	Tbox-b	Tbx15/18/22	Tbx2/3	Erf-a	Etv1/4/5	Fli-Erg-a	Fli-Erg-b	Fli-Erg-c	Irf-b
ID			MA1843.1	MA1845.1	MA1877.1	MA1878.1	MA1880.1	MA1897.1	MA1899.1	MA1923.1	MA1926.1	MA1848.1	MA1849.1	MA1858.1	MA1894.1	MA1913.1	MA1890.1	MA1891.1	MA1892.1	MA1893.1	MA0118.1	MA1914.1	MA1927.1	MA1859.1	MA1860.1	MA1861.1	MA1862.1	MA1863.1	MA1864.1	MA1865.1	MA1866.1	MA1867.1	MA1868.1	MA1869.1	MA1870.1	MA1871.1	MA1872.1	MA1873.1	MA1887.1	MA1915.1	MA1916.1	MA1917.1	MA1918.1	MA1844.1	MA1847.1	MA1850.1	MA1851.1	MA1852.1	MA1876.1	MA1879.1	MA1881.1	MA1882.1	MA1883.1	MA1884.1	MA1885.1	MA1886.1	MA1889.1	MA1895.1	MA1896.1	MA1898.1	MA1900.1	MA1901.1	MA1903.1	MA1904.1	MA1905.1	MA1906.1	MA1907.1	MA1908.1	MA1909.1	MA1910.1	MA1912.1	MA1924.1	MA1925.1	MA1874.1	MA1875.1	MA1902.1	MA1911.1	MA1846.1	MA1919.1	MA1920.1	MA1921.1	MA1922.1	MA1853.1	MA1854.1	MA1855.1	MA1856.1	MA1857.1	MA1888.1
Class	TF	ID																																																																																						
Basic helix-loop-helix factors (bHLH)	AP4	MA1843.1	0.0	5.36976e-08	0.140356	0.304579	0.103197	0.00412651	0.000572248	0.002112	8.64888e-05	0.644442	0.788746	0.788746	0.00370897	0.001216	0.788746	0.788746	0.788746	0.788746	0.504586	0.00022148	0.788746	0.788746	0.644442	0.788746	0.788746	0.788746	0.788746	0.788746	0.788746	0.788746	0.752998	0.644442	0.788746	0.788746	0.739164	0.36178	0.788746	0.788746	0.464655	0.400409	0.54088	0.506538	0.384312	0.788746	0.719498	0.263081	0.788746	0.396166	0.304579	0.739164	0.304579	0.739164	0.718205	0.304579	0.739164	0.290891	0.304579	0.739164	0.504586	0.304579	0.163166	0.304579	0.290891	0.502497	0.788746	0.304579	0.531558	0.304579	0.739164	0.304579	0.464655	0.119976	0.0176421	0.788746	0.788746	0.644442	0.644442	0.506538	0.439299	0.522383	0.439299	0.494693	0.653775	0.644442	0.464655	0.788746
Basic helix-loop-helix factors (bHLH)	Atoh7	MA1845.1	7.06688e-07	0.0	0.0144945	0.145266	0.00357685	0.00751493	0.00116365	9.92221e-05	0.00888653	0.0515282	0.804525	0.804525	0.0894256	0.0173317	0.804525	0.804525	0.804525	0.804525	0.433654	2.769e-05	0.804525	0.804525	0.431114	0.804525	0.804525	0.804525	0.804525	0.804525	0.804525	0.804525	0.34686	0.804525	0.804525	0.804525	0.505756	0.804525	0.804525	0.804525	0.1933	0.131094	0.34686	0.804525	0.17237	0.557674	0.431114	0.228495	0.804525	0.804525	0.804525	0.804525	0.804525	0.804525	0.804525	0.191276	0.804525	0.804525	0.804525	0.804525	0.804525	0.371812	0.166606	0.804525	0.505756	0.804525	0.804525	0.453747	0.804525	0.804525	0.557674	0.804525	0.804525	0.228495	0.0980447	0.804525	0.804525	0.16459	0.145266	0.155726	0.145266	0.155726	0.0539224	0.145266	0.434071	0.30378	0.285244	0.804525
Basic helix-loop-helix factors (bHLH)	Hes-b	MA1877.1	0.461517	0.00670508	0.0	2.95554e-16	2.5859099999999998e-20	4.16139e-08	6.10213e-09	0.000114372	5.3301e-07	0.131845	0.798475	0.86432	0.86432	0.86432	0.86432	0.760465	0.0184345	0.86432	0.849018	8.14134e-07	0.86432	0.86432	0.86432	0.86432	0.86432	0.86432	0.86432	0.86432	0.86432	0.86432	0.22276	0.86432	0.86432	0.86432	0.86432	0.86432	0.86432	0.86432	0.86432	0.86432	0.86432	0.86432	0.169194	0.23581	0.849018	0.284006	0.86432	0.86432	0.86432	0.86432	0.86432	0.86432	0.86432	0.23581	0.86432	0.86432	0.86432	0.86432	0.86432	0.82184	0.0775075	0.86432	0.849018	0.849018	0.86432	0.831103	0.86432	0.86432	0.86432	0.86432	0.86432	0.798475	0.849018	0.849018	0.623196	0.22276	0.253892	0.278587	0.509713	0.732711	0.120448	0.475886	0.831103	0.798475	0.798475	0.86432
Basic helix-loop-helix factors (bHLH)	Hes-c	MA1878.1	0.904393	0.114848	1.67828e-17	0.0	7.2194e-13	1.75138e-07	6.97792e-07	0.0006008	3.55668e-05	0.904393	0.904393	0.904393	0.904393	0.904393	0.904393	0.0738122	0.00039093	0.332829	0.42496	4.04103e-05	0.904393	0.904393	0.904393	0.904393	0.904393	0.904393	0.904393	0.252654	0.904393	0.904393	0.904393	0.904393	0.904393	0.904393	0.904393	0.904393	0.904393	0.904393	0.904393	0.904393	0.904393	0.904393	0.787022	0.904393	0.904393	0.904393	0.904393	0.904393	0.904393	0.904393	0.904393	0.904393	0.904393	0.904393	0.904393	0.904393	0.904393	0.904393	0.904393	0.904393	0.503273	0.904393	0.904393	0.904393	0.904393	0.904393	0.904393	0.904393	0.904393	0.904393	0.904393	0.904393	0.904393	0.904393	0.904393	0.904393	0.242856	0.904393	0.904393	0.904393	0.904393	0.614214	0.904393	0.904393	0.904393	0.904393
Basic helix-loop-helix factors (bHLH)	Hey	MA1880.1	0.105045	0.000302059	7.70864e-20	6.93714e-12	0.0	1.03316e-08	2.58023e-10	1.36151e-05	3.37228e-08	0.0987	0.17154	0.779317	0.779317	0.779317	0.779317	0.435083	0.0565544	0.779317	0.61646	5.30483e-08	0.779317	0.779317	0.779317	0.779317	0.779317	0.779317	0.779317	0.779317	0.779317	0.779317	0.0814395	0.779317	0.779317	0.779317	0.779317	0.779317	0.779317	0.779317	0.779317	0.661163	0.779317	0.779317	0.0682818	0.0606942	0.310098	0.139609	0.779317	0.779317	0.779317	0.779317	0.779317	0.779317	0.779317	0.134458	0.779317	0.779317	0.779317	0.779317	0.779317	0.356413	0.0987	0.779317	0.575716	0.779317	0.779317	0.779317	0.779317	0.779317	0.779317	0.779317	0.779317	0.779317	0.779317	0.779317	0.150813	0.0973198	0.0688781	0.0987	0.154262	0.289459	0.0973198	0.224362	0.744339	0.666359	0.592298	0.779317
Basic helix-loop-helix factors (bHLH)	Max	MA1897.1	0.0322776	0.00526538	1.5005e-07	5.13505e-07	6.22735e-08	0.0	6.22735e-08	3.94758e-05	1.29466e-06	0.837709	0.837709	0.837709	0.837709	0.837709	0.837709	0.837709	0.255141	0.837709	0.837709	1.28694e-05	0.837709	0.837709	0.837709	0.837709	0.837709	0.837709	0.837709	0.837709	0.837709	0.837709	0.255141	0.837709	0.837709	0.837709	0.837709	0.837709	0.837709	0.837709	0.837709	0.837709	0.837709	0.837709	0.214418	0.837709	0.837709	0.116767	0.837709	0.837709	0.837709	0.837709	0.837709	0.837709	0.837709	0.19321	0.837709	0.837709	0.837709	0.837709	0.837709	0.214418	0.0971207	0.837709	0.837709	0.837709	0.837709	0.837709	0.837709	0.837709	0.837709	0.837709	0.837709	0.837709	0.837709	0.837709	0.837709	0.632633	0.669249	0.225062	0.255141	0.485814	0.827229	0.786134	0.837709	0.837709	0.837709	0.837709
Basic helix-loop-helix factors (bHLH)	Mitf	MA1899.1	0.00224005	0.000401897	2.33801e-08	4.50843e-06	1.07989e-09	2.33801e-08	0.0	0.000493319	1.41544e-14	0.314902	0.00705064	0.12865	0.562266	0.215512	0.755485	0.755485	0.19419	0.755485	0.634104	2.58998e-05	0.755485	0.755485	0.755485	0.755485	0.755485	0.755485	0.755485	0.755485	0.755485	0.755485	0.174484	0.755485	0.755485	0.755485	0.702519	0.755485	0.755485	0.755485	0.755485	0.650919	0.755485	0.605484	0.114438	0.595993	0.5364	0.144965	0.755485	0.5364	0.169679	0.755485	0.169679	0.704006	0.545655	0.140882	0.728507	0.169679	0.215512	0.634104	0.686103	0.249438	0.0980599	0.244961	0.0767845	0.174484	0.755485	0.545655	0.258681	0.158791	0.414212	0.174484	0.464383	0.387043	0.174484	0.737851	0.755485	0.324843	0.20772	0.293241	0.215512	0.374012	0.19419	0.0957095	0.249438	0.215512	0.168591	0.755485
Basic helix-loop-helix factors (bHLH)	Tcf3-4-12	MA1923.1	0.00261631	1.28405e-05	2.66912e-05	0.000280035	1.36089e-05	1.28405e-05	0.000182842	0.0	0.00127379	0.844553	0.844553	0.844553	0.844553	0.844553	0.844553	0.844553	0.102155	0.844553	0.102081	1.46988e-10	0.844553	0.844553	0.844553	0.844553	0.844553	0.844553	0.844553	0.844553	0.844553	0.844553	0.199459	0.844553	0.844553	0.844553	0.844553	0.844553	0.844553	0.844553	0.844553	0.844553	0.844553	0.844553	0.16027	0.844553	0.844553	0.20571	0.844553	0.844553	0.844553	0.844553	0.844553	0.844553	0.844553	0.247276	0.844553	0.844553	0.844553	0.844553	0.844553	0.361345	0.112607	0.844553	0.844553	0.844553	0.844553	0.844553	0.844553	0.844553	0.844553	0.844553	0.844553	0.634403	0.212271	0.844553	0.844553	0.00763309	0.0074411	0.00763309	0.00763309	0.0250006	0.844553	0.16027	0.306302	0.370544	0.308478	0.844553
Basic helix-loop-helix factors (bHLH)	Usf	MA1926.1	7.76018e-05	0.00167055	1.37818e-06	6.7712e-05	3.67853e-07	6.82773e-07	5.88335e-15	0.00145246	0.0	0.406276	0.00025036	0.00805101	0.458558	0.316325	0.655391	0.655391	0.470929	0.655391	0.377316	5.5928e-05	0.655391	0.655391	0.655391	0.655391	0.655391	0.655391	0.655391	0.655391	0.655391	0.655391	0.232793	0.655391	0.655391	0.655391	0.414381	0.655391	0.655391	0.655391	0.439069	0.402468	0.539714	0.290315	0.142306	0.458558	0.405002	0.114211	0.655391	0.280584	0.104276	0.450557	0.121353	0.458558	0.406276	0.121353	0.36312	0.104276	0.104276	0.406276	0.389772	0.153477	0.0732413	0.177742	0.0993326	0.232793	0.655391	0.536921	0.21751	0.0909337	0.536921	0.141002	0.21751	0.406276	0.151992	0.642583	0.655391	0.275912	0.356353	0.21751	0.190037	0.21751	0.34983	0.147052	0.458558	0.435479	0.142306	0.655391
Basic leucine zipper factors (bZIP)	Cebpg	MA1848.1	0.859723	0.757972	0.859723	0.859723	0.859723	0.859723	0.859723	0.859723	0.859723	0.0	0.859723	0.859723	0.859723	0.717286	0.859723	0.859723	0.859723	0.859723	0.859723	0.859723	0.859723	0.859723	0.859723	0.859723	0.859723	0.859723	0.859723	0.859723	0.859723	0.859723	0.859723	0.859723	0.859723	0.859723	0.859723	0.859723	0.859723	0.407903	0.0401528	0.00419859	0.0734005	0.59722	0.092864	0.155144	0.214404	0.0891886	0.859723	0.602782	0.155144	0.859723	0.117463	0.710268	0.407903	0.0734005	0.799583	0.117463	0.255771	0.241253	0.609004	0.0975391	0.0401528	0.499541	0.0891886	0.155144	0.859723	0.403514	0.279708	0.155144	0.159053	0.155144	0.420035	0.117463	0.499541	0.859723	0.214404	0.859723	0.717286	0.859723	0.859723	0.859723	0.248337	0.155144	0.627438	0.731289	0.117463	0.859723
Basic leucine zipper factors (bZIP)	Creb1	MA1849.1	0.352494	0.556857	0.112584	0.352494	0.0541152	0.235905	0.000311383	0.556857	1.7839e-05	0.276503	0.0	7.19335e-11	0.511808	0.336348	0.753661	0.753661	0.352494	0.753661	0.753661	0.336348	0.753661	0.753661	0.753661	0.753661	0.753661	0.753661	0.753661	0.753661	0.753661	0.753661	0.336348	0.753661	0.753661	0.753661	0.753661	0.658723	0.753661	0.753661	0.753661	0.618834	0.753661	0.626176	0.533711	0.609978	0.740902	0.584356	0.753661	0.518364	0.338823	0.753661	0.316269	0.518865	0.505516	0.584356	0.753661	0.316269	0.352494	0.493818	0.584356	0.658723	0.683286	0.488459	0.316269	0.336348	0.753661	0.584356	0.572569	0.336348	0.316269	0.316269	0.518865	0.279829	0.316269	0.753661	0.336348	0.443153	0.274956	0.563204	0.524818	0.505516	0.115357	0.316269	0.518865	0.556857	0.316269	0.753661
Basic leucine zipper factors (bZIP)	Fos-b	MA1858.1	0.712404	0.883022	0.712404	0.883022	0.712404	0.712404	0.0101129	0.883022	0.00112691	0.712404	1.39252e-10	0.0	0.848818	0.740046	0.883022	0.883022	0.772209	0.883022	0.883022	0.740046	0.883022	0.883022	0.883022	0.883022	0.883022	0.883022	0.883022	0.883022	0.883022	0.883022	0.712404	0.883022	0.883022	0.883022	0.712404	0.712404	0.883022	0.817233	0.883022	0.883022	0.883022	0.772209	0.712404	0.817233	0.817233	0.712404	0.883022	0.712404	0.712404	0.883022	0.712404	0.712404	0.712404	0.712404	0.812846	0.712404	0.712404	0.712404	0.812846	0.712404	0.812846	0.712404	0.712404	0.712404	0.883022	0.883022	0.735978	0.712404	0.712404	0.712404	0.712404	0.712404	0.712404	0.883022	0.883022	0.712404	0.712404	0.712404	0.740046	0.712404	0.568665	0.712404	0.883022	0.883022	0.712404	0.883022
Basic leucine zipper factors (bZIP)	large-Maf	MA1894.1	0.0715556	0.159084	0.892374	0.892374	0.892374	0.892374	0.892374	0.892374	0.892374	0.319319	0.892374	0.892374	0.0	4.97663e-21	0.892374	0.892374	0.892374	0.892374	0.892374	0.892374	0.892374	0.892374	0.892374	0.892374	0.159084	0.440882	0.54874	0.478361	0.892374	0.229486	0.892374	0.159084	0.440882	0.892374	0.531088	0.145549	0.892374	0.892374	0.892374	0.440882	0.892374	0.440882	0.892374	0.892314	0.531398	0.599381	0.892374	0.622318	0.503531	0.532974	0.622318	0.0704875	0.0704875	0.617351	0.892374	0.599381	0.440882	0.0625565	0.440882	0.66059	0.830393	0.490648	0.830393	0.0625565	0.892374	0.440882	0.892374	0.721451	0.174056	0.680439	0.531088	0.0625565	0.121983	0.892374	0.892374	0.892374	0.892374	0.892374	0.892374	0.892374	0.892374	0.440882	0.892374	0.892374	0.440882	0.892374
Basic leucine zipper factors (bZIP)	small-Maf	MA1913.1	0.0363439	0.0612552	0.876757	0.876757	0.876757	0.876757	0.618892	0.876757	0.876757	0.105068	0.876757	0.876757	1.01229e-19	0.0	0.876757	0.876757	0.876757	0.876757	0.876757	0.736394	0.876757	0.876757	0.876757	0.876757	0.105068	0.240039	0.406962	0.194542	0.874287	0.363949	0.444579	0.087401	0.245681	0.876757	0.458175	0.122532	0.876757	0.876757	0.876757	0.315087	0.876757	0.638451	0.746919	0.601451	0.406962	0.644297	0.876757	0.874287	0.418979	0.768262	0.618892	0.0924083	0.0622841	0.618892	0.876757	0.618892	0.406962	0.0384843	0.684056	0.789719	0.618892	0.644297	0.618892	0.0356259	0.876757	0.303735	0.736394	0.644297	0.10518	0.644297	0.653686	0.0207118	0.0642287	0.876757	0.876757	0.876757	0.736394	0.876757	0.876757	0.876757	0.876757	0.225533	0.589591	0.843215	0.229952	0.876757
C2H2 zinc finger factors	Klf15	MA1890.1	0.914886	0.810523	0.000379193	2.25828e-05	0.00452199	0.133939	0.261662	0.0409361	0.914886	0.914886	0.914886	0.914886	0.914886	0.914886	0.0	2.49704e-14	1.87538e-15	3.67498e-23	0.0180727	0.00593728	0.914886	0.914886	0.914886	0.914886	0.914886	0.914886	0.914886	0.0469286	0.914886	0.914886	0.810523	0.914886	0.914886	0.914886	0.914886	0.914886	0.914886	0.914886	0.914886	0.914886	0.914886	0.914886	0.914886	0.914886	0.914886	0.914886	0.914886	0.914886	0.914886	0.914886	0.914886	0.914886	0.914886	0.914886	0.914886	0.914886	0.914886	0.914886	0.914886	0.914886	0.914886	0.914886	0.914886	0.914886	0.914886	0.914886	0.914886	0.914886	0.914886	0.914886	0.914886	0.914886	0.914886	0.740032	0.871041	0.0389125	0.00113323	0.563811	0.408669	0.228101	0.10124	0.914886	0.914886	0.914886	0.914886	0.914886
C2H2 zinc finger factors	Klf3/8/12	MA1891.1	0.885374	0.865877	0.00668601	0.00018467	0.0172069	0.0254857	0.0830129	0.147897	0.144824	0.885374	0.885374	0.885374	0.885374	0.885374	3.71854e-10	0.0	5.59649e-15	6.247e-16	0.0162674	0.0455853	0.885374	0.885374	0.885374	0.885374	0.885374	0.885374	0.885374	0.0418065	0.885374	0.885374	0.765383	0.885374	0.885374	0.885374	0.885374	0.885374	0.885374	0.885374	0.885374	0.885374	0.885374	0.885374	0.885374	0.885374	0.885374	0.885374	0.885374	0.885374	0.885374	0.885374	0.885374	0.885374	0.885374	0.885374	0.885374	0.885374	0.885374	0.885374	0.885374	0.885374	0.885374	0.885374	0.885374	0.885374	0.885374	0.849155	0.885374	0.885374	0.885374	0.885374	0.885374	0.885374	0.885374	0.834108	0.171522	0.0147747	0.000647345	0.0830129	0.0455853	0.0254857	0.0572271	0.885374	0.885374	0.885374	0.885374	0.885374
C2H2 zinc finger factors	Klf5-like	MA1892.1	0.904393	0.354318	0.00316749	5.96183e-05	0.0220328	0.0449332	0.0551186	0.0527307	0.727057	0.638019	0.904393	0.904393	0.904393	0.904393	2.52151e-08	5.23463e-12	0.0	5.07593e-17	0.0116445	0.0104737	0.904393	0.904393	0.904393	0.904393	0.904393	0.904393	0.904393	0.168004	0.904393	0.904393	0.692709	0.904393	0.904393	0.904393	0.904393	0.904393	0.904393	0.904393	0.904393	0.904393	0.904393	0.904393	0.904393	0.904393	0.904393	0.904393	0.904393	0.904393	0.904393	0.904393	0.904393	0.904393	0.904393	0.904393	0.904393	0.904393	0.904393	0.904393	0.904393	0.904393	0.904393	0.904393	0.904393	0.904393	0.904393	0.454362	0.904393	0.904393	0.904393	0.904393	0.904393	0.904393	0.904393	0.904393	0.448728	0.0449332	0.000612029	0.185287	0.0527307	0.0541388	0.0192175	0.709486	0.904393	0.904393	0.904393	0.904393
C2H2 zinc finger factors	Klf6-7-like	MA1893.1	0.903081	0.846059	0.00739279	0.000190145	0.0416567	0.0416567	0.0917028	0.0486882	0.903081	0.903081	0.903081	0.903081	0.903081	0.903081	8.66527e-21	2.0944000000000001e-19	4.67679e-23	0.0	0.00739279	0.0258346	0.903081	0.903081	0.903081	0.903081	0.903081	0.903081	0.903081	0.0782073	0.903081	0.903081	0.903081	0.903081	0.903081	0.903081	0.903081	0.903081	0.903081	0.903081	0.903081	0.903081	0.903081	0.903081	0.903081	0.903081	0.903081	0.903081	0.903081	0.903081	0.903081	0.903081	0.903081	0.903081	0.903081	0.903081	0.903081	0.903081	0.903081	0.903081	0.903081	0.903081	0.903081	0.903081	0.903081	0.903081	0.903081	0.903081	0.903081	0.903081	0.903081	0.903081	0.903081	0.903081	0.903081	0.903081	0.699693	0.0402246	0.000904413	0.299	0.0531558	0.062041	0.0449453	0.903081	0.903081	0.903081	0.903081	0.903081
C2H2 zinc finger factors	Macho-1	MA0118.1	0.999182	0.999182	0.999182	0.999182	0.999182	0.999182	0.999182	0.999182	0.999182	0.999182	0.999182	0.999182	0.999182	0.999182	0.999182	0.999182	0.999182	0.999182	1.2081999999999998e-28	0.999182	0.999182	0.999182	0.999182	0.999182	0.999182	0.999182	0.999182	0.999182	0.999182	0.999182	0.999182	0.999182	0.999182	0.999182	0.999182	0.999182	0.999182	0.999182	0.999182	0.999182	0.999182	0.999182	0.999182	0.999182	0.999182	0.999182	0.999182	0.999182	0.999182	0.999182	0.999182	0.999182	0.999182	0.999182	0.999182	0.999182	0.999182	0.999182	0.999182	0.999182	0.999182	0.999182	0.999182	0.999182	0.999182	0.999182	0.999182	0.999182	0.999182	0.999182	0.999182	0.999182	0.999182	0.999182	0.999182	0.999182	0.999182	0.999182	0.999182	0.999182	0.999182	0.999182	0.999182	0.999182	0.999182	0.999182
C2H2 zinc finger factors	Snail	MA1914.1	0.000735991	2.82222e-05	1.26947e-05	0.000180566	2.32598e-06	3.44025e-05	5.5542e-05	2.85165e-07	0.000179727	0.381581	0.805955	0.805955	0.805955	0.44664	0.805955	0.805955	0.039203	0.805955	0.0548382	0.0	0.805955	0.805955	0.805955	0.805955	0.805955	0.805955	0.805955	0.386248	0.805955	0.805955	0.0547328	0.805955	0.805955	0.805955	0.550915	0.805955	0.805955	0.805955	0.805955	0.676149	0.805955	0.805955	0.115477	0.436017	0.426143	0.0839922	0.805955	0.805955	0.805955	0.805955	0.805955	0.805955	0.805955	0.0986322	0.805955	0.805955	0.805955	0.805955	0.805955	0.162881	0.0162934	0.805955	0.611955	0.805955	0.805955	0.346867	0.805955	0.805955	0.805955	0.805955	0.805955	0.426143	0.156839	0.805955	0.805955	0.03064	0.00707969	0.0126227	0.0172668	0.0432969	0.321124	0.0172668	0.220734	0.182691	0.0812744	0.805955
C2H2 zinc finger factors	YY1-2	MA1927.1	0.797728	0.797728	0.797728	0.797728	0.797728	0.797728	0.750398	0.797728	0.797728	0.192386	0.797728	0.797728	0.797728	0.797728	0.797728	0.797728	0.728229	0.797728	0.742861	0.797728	0.0	0.797728	0.314182	0.797728	0.797728	0.797728	0.797728	0.642323	0.797728	0.797728	0.659175	0.797728	0.797728	0.797728	0.750398	0.742861	0.797728	0.500441	0.238193	0.238193	0.354225	0.514835	0.0236153	0.0887338	0.114021	0.0391909	0.797728	0.593106	0.238193	0.797728	0.310058	0.129005	0.074474	0.0317473	0.742861	0.271547	0.271547	0.129843	0.710771	0.0887338	0.0317473	0.47986	0.132496	0.0317473	0.797728	0.271547	0.336209	0.271547	0.466143	0.339651	0.529677	0.142498	0.185718	0.797728	0.797728	0.797728	0.797728	0.797728	0.797728	0.797728	0.797728	0.310822	0.336209	0.634791	0.407407	0.797728
Fork head/winged helix factors	FoxA-a	MA1859.1	0.682801	0.682801	0.682801	0.682801	0.682801	0.682801	0.575078	0.682801	0.682801	0.13763	0.682801	0.682801	0.0647857	0.0558977	0.682801	0.682801	0.682801	0.682801	0.682801	0.682801	0.682801	0.0	0.0647857	0.0248754	2.63981e-06	3.94258e-05	6.54243e-05	0.00155045	0.000833616	1.27253e-06	0.0600263	3.54332e-05	8.00777e-06	0.00165056	0.0334514	0.000142462	0.682801	0.529267	0.0647857	0.0258083	0.0662004	0.115314	0.221848	0.129603	0.124586	0.210213	0.682801	0.111887	0.0605348	0.150064	0.0647857	0.173507	0.0767021	0.407768	0.0887953	0.0647857	0.0596911	0.0647857	0.0969224	0.202395	0.217507	0.081318	0.0647857	0.0662004	0.124586	0.153739	0.0789533	0.0647857	0.503533	0.0558977	0.0662004	0.188882	0.202395	0.682801	0.682801	0.682801	0.682801	0.682801	0.682801	0.682801	0.269444	0.627559	0.542277	0.682801	0.338797	0.682801
Fork head/winged helix factors	FoxA-b	MA1860.1	0.597635	0.458488	0.597635	0.597635	0.597635	0.597635	0.597635	0.597635	0.597635	0.098239	0.597635	0.597635	0.597635	0.597635	0.597635	0.597635	0.597635	0.597635	0.597635	0.597635	0.597635	0.597635	0.0	3.79011e-08	0.00335367	0.0036517	0.000183638	0.000710883	0.0496862	0.034011	0.0036517	0.00321799	0.0131348	0.112415	0.000481396	0.0166737	0.597635	0.597635	0.00909829	0.00156216	0.0246728	0.00163023	0.000633937	0.0153119	0.000758694	0.000217124	0.597635	0.000481396	0.00107379	0.00909829	0.000724994	0.0533842	0.0198299	0.000207407	0.0125985	0.000742355	0.000744765	0.0174066	0.00102979	0.000481396	0.00052633	0.000710883	0.000744765	0.0198299	0.23397	0.0904825	0.00746909	0.000744765	0.208271	0.00102979	0.00102979	0.0663629	0.00899612	0.597635	0.597635	0.597635	0.597635	0.597635	0.597635	0.597635	0.597635	0.597635	0.597635	0.597635	0.597635	0.597635
Fork head/winged helix factors	FoxB	MA1861.1	0.534759	0.534759	0.534759	0.534759	0.534759	0.534759	0.534759	0.534759	0.534759	0.167749	0.534759	0.534759	0.45758	0.534759	0.534759	0.534759	0.534759	0.534759	0.534759	0.534759	0.534759	0.0426921	1.46011e-14	0.0	0.000270255	0.00614555	7.28935e-06	0.0183252	0.0340459	0.00229828	0.0133116	0.00229828	0.00229828	0.0510234	0.00064248	0.008495	0.534759	0.330391	0.00908523	0.00686663	0.00777135	0.00252742	0.00888558	0.00994556	0.00229828	0.00908523	0.362284	0.00216669	0.00407439	0.00307827	0.00614555	0.00974991	0.00743724	0.00714398	0.00479224	0.00614555	0.00229828	0.00614555	0.00216669	0.008495	0.0207664	0.00229828	0.00614555	0.0117648	0.00777135	0.103441	0.00951255	0.00592849	0.213738	0.00777135	0.00301414	0.20663	0.0266543	0.534759	0.534759	0.534759	0.534759	0.534759	0.534759	0.534759	0.534759	0.534759	0.534759	0.534759	0.534759	0.534759
Fork head/winged helix factors	FoxD-b	MA1862.1	0.678295	0.678295	0.678295	0.678295	0.678295	0.678295	0.678295	0.678295	0.678295	0.678295	0.678295	0.678295	0.0519287	0.031737	0.678295	0.678295	0.678295	0.678295	0.678295	0.678295	0.678295	0.000741047	0.00279568	0.00795077	0.0	2.2437e-13	1.40981e-13	5.86828e-09	8.08119e-11	6.89576e-08	0.00049692	2.64847e-21	3.4804900000000003e-26	4.34634e-09	8.45806e-05	1.51474e-07	0.678295	0.0971961	0.00446176	0.00049692	0.00288283	0.0132468	0.262816	0.189046	0.0356733	0.0446838	0.678295	0.025996	0.0136618	0.0248985	0.0141093	0.0330757	0.025996	0.040098	0.025996	0.0248985	0.0132468	0.0248985	0.0132468	0.0270263	0.031737	0.0248985	0.031737	0.0344846	0.0933291	0.0723458	0.031737	0.0248985	0.286152	0.0248985	0.0122007	0.16671	0.0993057	0.678295	0.678295	0.678295	0.633805	0.678295	0.678295	0.678295	0.678295	0.678295	0.678295	0.678295	0.678295	0.678295
Fork head/winged helix factors	FoxE	MA1863.1	0.810972	0.810972	0.810972	0.810972	0.810972	0.810972	0.810972	0.810972	0.810972	0.380148	0.810972	0.810972	0.810972	0.433762	0.810972	0.810972	0.810972	0.810972	0.810972	0.810972	0.810972	0.0261457	0.0143313	0.79572	2.63775e-10	0.0	7.56041e-05	4.8419e-08	2.79159e-12	0.00026519	5.38823e-05	1.97361e-10	1.06091e-09	4.75195e-09	0.000458024	0.000334828	0.810972	0.0911601	0.000237736	4.9646e-06	0.000327484	0.0371586	0.619435	0.810972	0.45625	0.0911601	0.810972	0.0261457	0.00730443	0.25313	0.00131094	0.25313	0.237386	0.0905532	0.0260448	0.00278213	0.0251252	0.237386	0.0334355	0.142328	0.0181326	0.0174878	0.00556922	0.22273	0.810972	0.443286	0.00311365	0.00321245	0.810972	0.00161279	0.00360344	0.114172	0.00818543	0.810972	0.810972	0.810972	0.810972	0.810972	0.810972	0.810972	0.810972	0.810972	0.810972	0.810972	0.810972	0.810972
Fork head/winged helix factors	FoxF	MA1864.1	0.605126	0.605126	0.605126	0.605126	0.605126	0.605126	0.605126	0.605126	0.605126	0.451674	0.605126	0.605126	0.360301	0.207722	0.605126	0.605126	0.605126	0.605126	0.605126	0.605126	0.605126	0.00996283	7.64767e-05	0.00119432	1.00241e-12	1.27723e-05	0.0	5.47814e-05	1.27723e-05	4.42063e-06	0.0105185	1.44318e-12	9.59122e-14	0.000108378	0.00123948	9.99736e-06	0.605126	0.605126	0.0696308	0.0160319	0.0626534	0.00119432	0.0275136	0.00555276	0.00111199	0.0035784	0.215596	0.00324558	0.00119432	0.0023783	0.00119432	0.00800789	0.0035784	0.00357251	0.00357251	0.00173945	0.00111199	0.00197511	0.00119432	0.00262356	0.00226711	0.00197283	0.00331162	0.00519928	0.0127675	0.157995	0.00348628	0.00206583	0.252559	0.00226711	0.00119432	0.183072	0.0144265	0.605126	0.605126	0.605126	0.605126	0.605126	0.605126	0.605126	0.605126	0.605126	0.605126	0.605126	0.605126	0.605126
Fork head/winged helix factors	FoxG	MA1865.1	0.837709	0.837709	0.837709	0.837709	0.837709	0.837709	0.837709	0.837709	0.837709	0.505254	0.837709	0.837709	0.837709	0.505254	0.837709	0.837709	0.837709	0.837709	0.837709	0.837709	0.837709	0.778405	0.00318778	0.837709	3.35863e-06	5.64086e-07	0.000526549	0.0	5.295e-06	0.0317121	3.61241e-05	3.98833e-10	3.35863e-06	0.000241077	0.00145215	0.000777881	0.837709	0.54759	0.043018	0.00107922	0.0439375	0.246786	0.0157583	0.558295	0.211359	0.000963831	0.837709	0.357097	0.14039	0.587309	0.052895	0.482253	0.246786	0.000963831	0.570115	0.0895381	0.239859	0.285473	0.26194	0.00637815	6.28128e-05	0.185683	0.0449625	0.208175	0.837709	0.357097	0.26194	0.0622131	0.367884	0.0983871	0.190681	0.505254	0.246786	0.837709	0.837709	0.505254	0.217363	0.837709	0.837709	0.837709	0.837709	0.837709	0.837709	0.837709	0.837709	0.837709
Fork head/winged helix factors	FoxI-a	MA1866.1	0.816303	0.816303	0.816303	0.816303	0.816303	0.816303	0.816303	0.816303	0.816303	0.712271	0.816303	0.816303	0.816303	0.59915	0.816303	0.816303	0.816303	0.816303	0.816303	0.816303	0.816303	0.0270402	0.0197761	0.78708	2.56226e-13	2.53066e-19	3.54841e-07	4.06449e-10	0.0	7.32678e-05	4.4212e-05	9.02254e-15	6.4935e-17	3.5424e-23	7.14292e-05	0.000227357	0.816303	0.0712863	0.000105141	3.44417e-05	0.000524093	0.0305183	0.750373	0.816303	0.580133	0.0792009	0.731133	0.0302695	0.017866	0.148831	0.00488371	0.275143	0.318883	0.107055	0.0224022	0.00897494	0.0423071	0.368216	0.0223764	0.118541	0.0305183	0.0159665	0.0131924	0.401287	0.511277	0.816303	0.0117923	0.00897494	0.816303	0.00592514	0.00897494	0.222857	0.0224022	0.816303	0.816303	0.816303	0.816303	0.816303	0.816303	0.816303	0.816303	0.816303	0.816303	0.816303	0.816303	0.816303
Fork head/winged helix factors	FoxI-b	MA1867.1	0.645285	0.645285	0.645285	0.645285	0.645285	0.645285	0.645285	0.645285	0.645285	0.645285	0.645285	0.645285	0.0290985	0.0320019	0.645285	0.645285	0.645285	0.645285	0.645285	0.645285	0.645285	1.17415e-05	0.00498074	0.0097874	4.3718e-10	3.62422e-06	5.538e-09	0.000183829	7.76545e-05	0.0	0.0200368	3.76601e-09	7.26507e-10	0.000227826	0.00109814	3.62422e-06	0.645285	0.483683	0.0308809	0.00968726	0.0308809	0.0290985	0.302003	0.0867596	0.0361988	0.071138	0.371679	0.0564616	0.035841	0.0320019	0.0308809	0.035841	0.0308809	0.0941461	0.0695117	0.0361988	0.0308809	0.0219419	0.0290985	0.0487067	0.0900872	0.0419958	0.0507424	0.0308809	0.071138	0.161593	0.0639179	0.0419958	0.302003	0.035841	0.0308809	0.146706	0.113799	0.645285	0.645285	0.645285	0.645285	0.645285	0.645285	0.645285	0.645285	0.645285	0.645285	0.645285	0.645285	0.645285
Fork head/winged helix factors	FoxI-c	MA1868.1	0.921573	0.921573	0.921573	0.921573	0.921573	0.921573	0.921573	0.921573	0.921573	0.921573	0.921573	0.921573	0.921573	0.921573	0.921573	0.921573	0.921573	0.921573	0.921573	0.719845	0.921573	0.921573	0.0386588	0.921573	0.00809404	0.000162151	0.194965	4.00839e-05	0.00621552	0.3694	0.0	0.000607724	0.00809404	0.0386588	0.000607724	0.0386588	0.921573	0.921573	0.0697232	0.00385938	0.139546	0.921573	0.910969	0.921573	0.458779	0.3694	0.921573	0.921573	0.58948	0.921573	0.3694	0.921573	0.910969	0.429424	0.921573	0.398316	0.921573	0.921573	0.921573	0.601485	0.3694	0.921573	0.3694	0.58948	0.921573	0.910969	0.537043	0.3694	0.921573	0.49865	0.734697	0.921573	0.3694	0.921573	0.921573	0.921573	0.921573	0.921573	0.921573	0.921573	0.921573	0.921573	0.921573	0.921573	0.921573	0.921573
Fork head/winged helix factors	FoxK	MA1869.1	0.69371	0.69371	0.69371	0.69371	0.69371	0.69371	0.69371	0.69371	0.69371	0.69371	0.69371	0.69371	0.203369	0.0853884	0.69371	0.69371	0.69371	0.69371	0.69371	0.69371	0.69371	0.03203	0.0158033	0.163821	6.133280000000001e-18	7.12426e-11	7.98063e-11	5.02423e-12	4.80825e-10	6.9796e-06	0.000279704	0.0	4.0268900000000003e-23	1.65866e-06	0.000162959	1.30844e-07	0.69371	0.188204	0.00760054	0.00101595	0.00907579	0.0319958	0.181031	0.129645	0.0309274	0.0309274	0.69371	0.0984079	0.0309274	0.0545755	0.0309274	0.0450783	0.03203	0.0309274	0.106495	0.032199	0.0309274	0.0309274	0.0348192	0.0309274	0.0190467	0.0450783	0.0362429	0.0334722	0.464825	0.0711845	0.0649142	0.032199	0.283697	0.0309274	0.0309274	0.151278	0.11078	0.69371	0.69371	0.596273	0.345815	0.69371	0.69371	0.69371	0.69371	0.69371	0.69371	0.69371	0.69371	0.69371
Fork head/winged helix factors	FoxL2	MA1870.1	0.670083	0.670083	0.670083	0.670083	0.670083	0.670083	0.670083	0.670083	0.670083	0.670083	0.670083	0.670083	0.182753	0.0936246	0.670083	0.670083	0.670083	0.670083	0.670083	0.670083	0.670083	0.00241978	0.00972446	0.0441132	1.66939e-26	1.16374e-12	2.80504e-14	5.05254e-09	3.24079e-14	6.31339e-08	0.00058308	2.28147e-26	0.0	2.41405e-09	0.000428169	1.87653e-08	0.670083	0.127612	0.00450298	0.000957342	0.00543114	0.0145359	0.298569	0.187522	0.0348174	0.0492386	0.670083	0.0441132	0.0214909	0.0220348	0.0174271	0.0433921	0.0317793	0.0536452	0.0220958	0.0220958	0.0208555	0.0220958	0.0130948	0.0388794	0.0317793	0.0220348	0.0343952	0.0348174	0.0825057	0.0752122	0.0330518	0.0220958	0.187522	0.0220348	0.0127787	0.182753	0.0936246	0.670083	0.670083	0.670083	0.53763	0.670083	0.670083	0.670083	0.670083	0.670083	0.670083	0.670083	0.670083	0.670083
Fork head/winged helix factors	FoxM	MA1871.1	0.812108	0.812108	0.812108	0.812108	0.812108	0.812108	0.812108	0.812108	0.812108	0.812108	0.812108	0.812108	0.812108	0.812108	0.812108	0.812108	0.812108	0.812108	0.812108	0.812108	0.812108	0.0419684	0.032525	0.71701	4.38893e-12	2.16646e-14	2.26552e-06	1.59017e-07	2.0919600000000002e-23	0.000140294	0.000256484	3.08316e-10	6.15599e-12	0.0	7.07693e-05	0.000219198	0.812108	0.0557952	0.000249163	7.01193e-05	0.000534131	0.0186216	0.812108	0.812108	0.680863	0.166739	0.283325	0.0186216	0.0280783	0.0787894	0.00552399	0.151251	0.209365	0.183664	0.0313725	0.0131559	0.0436168	0.243987	0.0139359	0.113268	0.0787894	0.0186216	0.0260863	0.398494	0.190285	0.812108	0.0186216	0.0139359	0.812108	0.00552399	0.00567397	0.327758	0.0280783	0.812108	0.812108	0.812108	0.812108	0.812108	0.812108	0.812108	0.812108	0.812108	0.812108	0.812108	0.812108	0.812108
Fork head/winged helix factors	FoxO	MA1872.1	0.817587	0.799472	0.817587	0.817587	0.817587	0.817587	0.817587	0.817587	0.817587	0.817587	0.817587	0.817587	0.550214	0.423687	0.817587	0.817587	0.817587	0.817587	0.817587	0.817587	0.817587	0.817587	0.000392625	0.06803	0.000211188	0.000211188	0.00259514	0.000211188	0.00178732	0.01098	9.91562e-05	9.91562e-05	0.000733476	0.0021489	0.0	0.00286611	0.817587	0.702163	0.0271814	0.00498908	0.0632364	0.144217	0.388313	0.684117	0.144217	0.14366	0.817587	0.318104	0.0711059	0.39222	0.0795856	0.126451	0.144217	0.0800959	0.150523	0.0973657	0.0711059	0.166183	0.265165	0.145191	0.274334	0.227703	0.0883061	0.172307	0.817587	0.507514	0.144217	0.0800959	0.485549	0.10735	0.0778739	0.702163	0.145191	0.817587	0.817587	0.817587	0.817587	0.817587	0.817587	0.817587	0.817587	0.817587	0.817587	0.817587	0.817587	0.817587
Fork head/winged helix factors	FoxQ	MA1873.1	0.675588	0.675588	0.675588	0.675588	0.675588	0.675588	0.675588	0.675588	0.675588	0.675588	0.675588	0.675588	0.4832	0.4832	0.675588	0.675588	0.675588	0.675588	0.675588	0.675588	0.675588	0.260289	0.163819	0.675588	0.000336779	0.00646457	0.00189345	0.00517695	0.0324413	0.0128943	0.0773171	4.96872e-05	0.000122124	0.0548762	0.0425674	0.0	0.675588	0.675588	0.242329	0.0323504	0.251169	0.0302604	0.174089	0.608747	0.0879541	0.108785	0.675588	0.0249499	0.0208871	0.113168	0.00281222	0.0773171	0.0603455	0.104556	0.0773171	0.00517695	0.0284036	0.0429333	0.0359592	0.117708	0.145327	0.0236058	0.0139918	0.0603455	0.608747	0.0236058	0.0242521	0.00950094	0.160209	0.00189345	0.0110394	0.0324413	0.0154321	0.675588	0.675588	0.675588	0.675588	0.675588	0.675588	0.675588	0.675588	0.675588	0.675588	0.675588	0.675588	0.675588
Heat shock factors	Hsf1-2-4	MA1887.1	0.993339	0.993339	0.993339	0.993339	0.993339	0.993339	0.993339	0.993339	0.993339	0.993339	0.993339	0.993339	0.993339	0.993339	0.993339	0.993339	0.993339	0.993339	0.993339	0.993339	0.993339	0.993339	0.993339	0.993339	0.993339	0.993339	0.993339	0.993339	0.993339	0.993339	0.993339	0.993339	0.993339	0.993339	0.993339	0.993339	0.0	0.993339	0.993339	0.993339	0.993339	0.993339	0.993339	0.993339	0.993339	0.993339	0.993339	0.993339	0.993339	0.993339	0.993339	0.993339	0.993339	0.993339	0.993339	0.993339	0.993339	0.993339	0.993339	0.993339	0.993339	0.993339	0.993339	0.993339	0.993339	0.993339	0.993339	0.993339	0.993339	0.993339	0.993339	0.993339	0.993339	0.993339	0.993339	0.993339	0.993339	0.993339	0.993339	0.993339	0.993339	0.993339	0.993339	0.993339	0.921621	0.993339
High-mobility group (HMG) domain factors	SoxB1	MA1915.1	0.780009	0.780009	0.780009	0.780009	0.780009	0.780009	0.780009	0.780009	0.780009	0.0488433	0.780009	0.780009	0.780009	0.780009	0.780009	0.780009	0.780009	0.780009	0.780009	0.780009	0.780009	0.780009	0.780009	0.780009	0.386718	0.0684415	0.780009	0.330817	0.241367	0.780009	0.324961	0.324961	0.40687	0.248147	0.583851	0.24875	0.780009	0.0	1.91874e-06	1.2222e-06	1.79902e-09	0.234802	0.181866	0.669253	0.234802	0.126893	0.386718	0.256554	0.216989	0.392233	0.156332	0.0488433	0.0684415	0.0497505	0.156332	0.181655	0.199044	0.0684415	0.234802	0.118721	0.0287639	0.264672	0.181866	0.0684415	0.780009	0.502732	0.185674	0.181866	0.780009	0.194272	0.168373	0.392233	0.40687	0.780009	0.780009	0.780009	0.780009	0.780009	0.780009	0.780009	0.780009	0.780009	0.780009	0.780009	0.780009	0.780009
High-mobility group (HMG) domain factors	SoxB2	MA1916.1	0.68858	0.521291	0.68858	0.68858	0.68858	0.68858	0.68858	0.68858	0.68858	0.00624029	0.68858	0.68858	0.68858	0.68858	0.68858	0.68858	0.68858	0.68858	0.68858	0.68858	0.68858	0.68858	0.0515218	0.68858	0.0333268	0.00127851	0.292933	0.032462	0.018581	0.17256	0.0342641	0.0254258	0.0387732	0.032462	0.051799	0.0888221	0.68858	0.000141406	0.0	3.61258e-14	2.45791e-16	0.0374605	0.0502772	0.227266	0.0404095	0.032462	0.68858	0.032462	0.0374605	0.0721576	0.032462	0.0374605	0.032462	0.022506	0.0539642	0.032462	0.032462	0.032462	0.0407876	0.032462	0.00632006	0.032462	0.0407876	0.0374605	0.594005	0.166914	0.051799	0.032462	0.507066	0.0404095	0.0374605	0.0549822	0.0401636	0.68858	0.68858	0.68858	0.68858	0.68858	0.68858	0.68858	0.68858	0.68858	0.68858	0.68858	0.68858	0.68858
High-mobility group (HMG) domain factors	SoxC	MA1917.1	0.729324	0.729324	0.729324	0.729324	0.729324	0.729324	0.729324	0.729324	0.729324	0.00300757	0.729324	0.729324	0.729324	0.729324	0.729324	0.729324	0.729324	0.729324	0.729324	0.729324	0.729324	0.729324	0.0795414	0.729324	0.0649412	0.000912173	0.453056	0.0255054	0.049468	0.298284	0.0361942	0.0381502	0.0795414	0.0649412	0.102063	0.0702987	0.729324	0.00107166	1.57307e-09	0.0	1.57307e-09	0.142468	0.0852285	0.527426	0.12016	0.0568073	0.729324	0.11835	0.0823123	0.35253	0.049468	0.161996	0.0924378	0.0255054	0.276167	0.0580427	0.0795414	0.0924378	0.153371	0.0649412	0.00785734	0.12016	0.0580427	0.0882922	0.729324	0.298284	0.159111	0.049468	0.382304	0.0588158	0.0795414	0.0795414	0.0702987	0.729324	0.729324	0.729324	0.729324	0.729324	0.729324	0.729324	0.729324	0.729324	0.729324	0.729324	0.729324	0.729324
High-mobility group (HMG) domain factors	SoxF	MA1918.1	0.681636	0.681636	0.681636	0.681636	0.681636	0.681636	0.681636	0.681636	0.681636	0.00976536	0.681636	0.681636	0.681636	0.681636	0.681636	0.681636	0.681636	0.681636	0.681636	0.681636	0.681636	0.681636	0.0973896	0.681636	0.0426409	0.00208893	0.411856	0.0439985	0.0340249	0.267151	0.0635386	0.0340249	0.0581334	0.038682	0.102383	0.0947244	0.681636	3.34065e-07	4.92027e-17	1.32482e-13	0.0	0.0356443	0.0490999	0.20945	0.038682	0.0340249	0.290915	0.0340249	0.0438958	0.0603667	0.0340249	0.0340249	0.0340249	0.0128397	0.0438958	0.0340249	0.0356443	0.0340249	0.0340249	0.0340249	0.00693301	0.0340249	0.044265	0.044265	0.261267	0.267151	0.0635386	0.0365758	0.657364	0.0439985	0.0340249	0.129498	0.0947244	0.681636	0.681636	0.681636	0.681636	0.681636	0.681636	0.681636	0.681636	0.681636	0.681636	0.681636	0.681636	0.681636
Homeo domain factors	Atbf	MA1844.1	0.615965	0.615965	0.615965	0.615965	0.615965	0.615965	0.615965	0.615965	0.615965	0.207918	0.615965	0.615965	0.615965	0.615965	0.615965	0.615965	0.615965	0.615965	0.615965	0.615965	0.615965	0.615965	0.0131335	0.397657	0.101777	0.0569494	0.0118161	0.207918	0.397657	0.34738	0.615965	0.0631357	0.101777	0.397657	0.389183	0.0112386	0.615965	0.615965	0.0366029	0.0333348	0.0366029	0.0	1.03688e-05	4.4724e-05	4.22603e-07	6.70396e-08	0.000410805	1.53462e-15	9.44805e-14	1.4373400000000002e-24	1.53462e-15	6.50094e-06	1.30072e-06	1.02904e-07	2.69739e-11	5.4516e-15	5.42712e-16	1.16474e-07	5.374e-21	2.26885e-09	3.64695e-06	1.61598e-22	5.82735e-13	1.11954e-05	1.02904e-07	0.000241183	3.36188e-09	1.53462e-15	0.0761325	2.21807e-12	8.760140000000001e-19	0.0408015	0.0139558	0.615965	0.615965	0.615965	0.615965	0.615965	0.615965	0.615965	0.615965	0.615965	0.615965	0.615965	0.615965	0.615965
Homeo domain factors	Bsx	MA1847.1	0.640468	0.640468	0.640468	0.640468	0.640468	0.640468	0.640468	0.640468	0.640468	0.0120555	0.640468	0.640468	0.640468	0.640468	0.640468	0.640468	0.640468	0.640468	0.640468	0.640468	0.640468	0.640468	0.00463614	0.640468	0.640468	0.640468	0.267577	0.0180637	0.640468	0.640468	0.640468	0.456932	0.640468	0.640468	0.640468	0.118055	0.640468	0.640468	0.0713281	0.0203949	0.0942688	1.27738e-05	0.0	5.97294e-07	3.04368e-07	4.40639e-15	0.0406728	3.18988e-05	1.27738e-05	5.49052e-05	5.84114e-06	0.000204154	3.43811e-06	7.95815e-16	0.000379903	3.23121e-06	6.25697e-06	5.84114e-06	2.97669e-05	9.4469e-12	8.88356e-09	7.63032e-06	8.14221e-08	1.89618e-06	0.0533362	0.000253877	9.66959e-05	1.16116e-06	0.0517065	1.5482e-05	4.27834e-05	0.00318238	0.0048932	0.640468	0.153284	0.640468	0.640468	0.640468	0.640468	0.640468	0.245396	0.640468	0.640468	0.640468	0.640468	0.640468
Homeo domain factors	Dlx-b	MA1850.1	0.584572	0.581247	0.364053	0.584572	0.245869	0.584572	0.584572	0.584572	0.584572	0.00529796	0.584572	0.584572	0.584572	0.398104	0.584572	0.584572	0.584572	0.584572	0.584572	0.542895	0.584572	0.584572	0.0241726	0.343998	0.327568	0.377479	0.0126203	0.129393	0.584572	0.471327	0.304969	0.0552216	0.337312	0.584572	0.450397	0.0936121	0.584572	0.584572	0.0899131	0.0424348	0.0899131	8.82874e-06	3.76862e-08	0.0	4.57659e-19	4.94694e-07	0.0795559	6.34121e-05	2.54146e-06	2.59339e-05	4.47768e-06	8.82874e-06	3.03636e-07	3.03636e-07	8.961e-05	3.7103e-06	7.46686e-07	8.04664e-07	6.34121e-05	1.805e-07	5.82213e-06	1.33853e-05	4.30017e-07	7.60204e-08	0.00818538	0.00086756	2.2311e-05	2.73632e-06	0.0349115	2.06893e-05	2.40563e-05	0.000523406	0.00599539	0.584572	0.00266194	0.584572	0.584572	0.584572	0.584572	0.584572	0.0974398	0.547809	0.552606	0.581247	0.49211	0.584572
Homeo domain factors	Dlx-c	MA1851.1	0.581395	0.581395	0.581395	0.581395	0.581395	0.581395	0.581395	0.581395	0.581395	0.0266021	0.581395	0.581395	0.581395	0.528901	0.581395	0.581395	0.581395	0.581395	0.581395	0.581395	0.581395	0.581395	0.00451672	0.240085	0.163688	0.282488	0.00437303	0.13101	0.581395	0.480799	0.186756	0.0274704	0.157795	0.581395	0.212335	0.0224165	0.581395	0.550036	0.0287883	0.0148319	0.0274704	1.0654e-06	1.63588e-07	5.21139e-16	0.0	1.09355e-07	0.0734266	8.84874e-06	5.61481e-07	4.82874e-06	5.15557e-07	2.44093e-06	7.30442e-08	7.30442e-08	2.17212e-05	4.12992e-07	1.63588e-07	1.61883e-07	6.55493e-06	1.20737e-08	1.68383e-06	1.11382e-06	2.26261e-07	3.93329e-08	0.00221708	0.00124647	1.28775e-05	3.79334e-07	0.053742	2.98211e-06	2.44093e-06	0.000750772	0.00339137	0.581395	0.0638485	0.581395	0.581395	0.581395	0.581395	0.581395	0.316217	0.581395	0.581395	0.581395	0.56527	0.581395
Homeo domain factors	Emx	MA1852.1	0.63923	0.63923	0.63923	0.63923	0.63923	0.63923	0.63923	0.63923	0.63923	0.0244055	0.63923	0.63923	0.63923	0.63923	0.63923	0.63923	0.63923	0.63923	0.63923	0.63923	0.63923	0.63923	0.00392318	0.63923	0.63923	0.296011	0.10709	0.00376095	0.63923	0.63923	0.550166	0.143938	0.63923	0.63923	0.63923	0.132924	0.63923	0.63923	0.072862	0.0134966	0.072862	6.67003e-07	3.72825e-13	1.46206e-05	3.46936e-07	0.0	0.0356798	4.38764e-06	1.04753e-06	9.99826e-06	5.77378e-08	0.000105557	4.38764e-06	2.39258e-22	3.84861e-05	1.05922e-07	1.04753e-06	4.38764e-06	4.38764e-06	1.75776e-16	7.2516e-12	2.65696e-07	2.19462e-09	3.89046e-07	0.012816	0.000519102	1.07997e-05	1.38317e-08	0.072862	3.89046e-07	2.96196e-06	0.00856359	0.00702033	0.63923	0.41263	0.63923	0.63923	0.63923	0.63923	0.63923	0.550166	0.63923	0.63923	0.63923	0.589652	0.63923
Homeo domain factors	Gsx	MA1876.1	0.692591	0.692591	0.692591	0.692591	0.692591	0.692591	0.692591	0.692591	0.692591	0.0520711	0.692591	0.692591	0.692591	0.692591	0.692591	0.692591	0.692591	0.692591	0.692591	0.692591	0.692591	0.692591	0.477115	0.692591	0.692591	0.564217	0.157112	0.692591	0.692591	0.692591	0.692591	0.618117	0.692591	0.477115	0.692591	0.0172469	0.692591	0.527192	0.0710946	0.0963015	0.018067	1.76338e-05	0.00583656	0.0670577	0.010113	0.00247647	0.0	1.40372e-05	4.0935e-05	4.0935e-05	1.40372e-05	0.00201203	0.00192646	0.00156579	6.24612e-05	1.42577e-05	5.80042e-05	0.000531643	2.77054e-06	0.00293567	0.00401482	1.42577e-05	2.20285e-05	0.00348364	0.000512491	0.0169896	6.00763e-05	2.8126e-05	0.321292	1.40372e-05	2.47972e-05	0.418177	0.157112	0.692591	0.692591	0.692591	0.692591	0.692591	0.692591	0.692591	0.692591	0.692591	0.692591	0.692591	0.692591	0.692591
Homeo domain factors	Hex	MA1879.1	0.622924	0.622924	0.622924	0.622924	0.622924	0.622924	0.622924	0.622924	0.622924	0.147227	0.622924	0.622924	0.622924	0.622924	0.622924	0.622924	0.622924	0.622924	0.622924	0.622924	0.622924	0.622924	0.00111109	0.209453	0.167909	0.0275128	0.0190762	0.22431	0.308236	0.541723	0.622924	0.141444	0.216214	0.348109	0.50967	0.00407975	0.622924	0.622924	0.00962885	0.016063	0.010925	5.02858e-17	1.11963e-05	0.000233951	4.56152e-06	2.00984e-07	9.18927e-05	0.0	7.89241e-13	8.06806e-12	4.4834e-16	7.96702e-05	1.93368e-05	1.80227e-07	3.78909e-09	5.02858e-17	2.8423e-14	8.91796e-07	9.54768e-19	1.46454e-08	4.9729e-06	4.74743e-24	4.11861e-13	4.08141e-05	2.54003e-06	0.000692174	5.49337e-09	4.06674e-15	0.06346	5.65103e-15	1.17744e-16	0.06346	0.00679881	0.622924	0.622924	0.622924	0.622924	0.622924	0.622924	0.622924	0.622924	0.622924	0.622924	0.622924	0.622924	0.622924
Homeo domain factors	Hmbox1	MA1881.1	0.608791	0.608791	0.608791	0.608791	0.608791	0.608791	0.608791	0.608791	0.608791	0.0440004	0.608791	0.608791	0.608791	0.608791	0.608791	0.608791	0.608791	0.608791	0.608791	0.608791	0.608791	0.608791	0.0171593	0.608791	0.147984	0.0215031	0.0166132	0.15362	0.430615	0.529591	0.595929	0.0593186	0.194212	0.608791	0.263522	0.0071101	0.608791	0.608791	0.0504065	0.0192178	0.0895996	9.4673e-12	2.013e-05	4.31681e-05	2.26305e-06	4.12268e-07	0.00156547	2.61135e-10	0.0	5.64237e-08	7.85904e-15	0.000331567	2.76202e-05	3.76655e-07	3.2833e-09	6.19148e-16	3.2064e-24	5.42053e-06	9.62724e-11	1.06301e-06	2.72941e-06	1.02842e-12	1.43004e-14	1.31249e-05	2.15772e-05	0.000529285	9.4673e-12	6.06544e-15	0.0647751	1.66714e-13	1.43004e-14	0.011342	0.00543332	0.608791	0.4654	0.608791	0.608791	0.608791	0.608791	0.608791	0.43701	0.608791	0.608791	0.608791	0.608791	0.608791
Homeo domain factors	Hnf1	MA1882.1	0.615233	0.615233	0.615233	0.615233	0.615233	0.615233	0.615233	0.615233	0.615233	0.273126	0.615233	0.615233	0.611596	0.615233	0.615233	0.615233	0.615233	0.615233	0.615233	0.615233	0.615233	0.615233	0.015286	0.197999	0.0772949	0.10381	0.00907614	0.234998	0.471944	0.243348	0.615233	0.0502411	0.0750766	0.425721	0.359389	0.0184608	0.615233	0.615233	0.0430502	0.0502411	0.0329655	9.32709e-29	9.4095e-06	3.19577e-05	3.39315e-07	1.24367e-07	0.000218495	1.14446e-13	7.50206e-12	0.0	6.07861e-12	1.59292e-06	6.87646e-07	1.24367e-07	2.27571e-10	2.63931e-12	1.42189e-14	6.72219e-08	9.18903e-19	2.27927e-09	7.36455e-06	5.24782e-18	6.97355e-11	8.67339e-06	8.46613e-11	0.000346946	2.25098e-08	1.12079e-12	0.0842534	4.5573e-10	7.79173e-15	0.0391978	0.0329655	0.615233	0.615233	0.615233	0.615233	0.615233	0.615233	0.615233	0.615233	0.615233	0.615233	0.615233	0.615233	0.615233
Homeo domain factors	Hox1	MA1883.1	0.646654	0.646654	0.646654	0.646654	0.646654	0.646654	0.646654	0.646654	0.646654	0.085059	0.646654	0.646654	0.646654	0.646654	0.646654	0.646654	0.646654	0.646654	0.646654	0.646654	0.646654	0.646654	0.0247427	0.646654	0.378094	0.0159087	0.0546083	0.190457	0.389706	0.646654	0.646654	0.174646	0.418581	0.56185	0.555656	0.00183914	0.646654	0.646654	0.162241	0.0178457	0.156333	8.97336e-11	6.46777e-05	0.000415329	1.0881e-05	2.47752e-07	0.00194991	1.50529e-10	4.79306e-13	2.9871e-07	0.0	0.000574445	8.0255e-05	3.28761e-07	1.93331e-08	6.29845e-30	1.50123e-11	1.31035e-05	2.47597e-10	2.9871e-07	2.15121e-06	3.50883e-13	4.02813e-16	8.0255e-05	0.000258288	0.000542399	8.97336e-11	2.08229e-21	0.174646	2.08229e-21	6.84034e-17	0.0571318	0.00183914	0.646654	0.646654	0.646654	0.646654	0.646654	0.646654	0.646654	0.646654	0.646654	0.646654	0.646654	0.646654	0.646654
Homeo domain factors	Hox3	MA1884.1	0.63369	0.63369	0.63369	0.63369	0.63369	0.63369	0.63369	0.63369	0.63369	0.291645	0.63369	0.63369	0.121848	0.164482	0.63369	0.63369	0.63369	0.63369	0.63369	0.63369	0.63369	0.63369	0.298506	0.63369	0.236713	0.298506	0.0852322	0.373896	0.63369	0.63369	0.63369	0.0852322	0.32003	0.63369	0.309157	0.0371533	0.63369	0.149708	0.0530678	0.0444871	0.0309302	1.17376e-05	0.000142403	9.24508e-05	1.08047e-05	3.24184e-05	0.0109488	0.000174577	0.000174577	2.03301e-05	9.24508e-05	0.0	3.3387200000000004e-18	1.15982e-05	0.000584272	0.000124665	9.03542e-05	3.69929e-15	6.95181e-05	1.15982e-05	0.000584272	9.24508e-05	9.24508e-05	1.91207e-14	0.00643364	0.00216436	0.00129964	0.000116784	0.0791549	0.00037055	9.03542e-05	0.00733451	0.0150558	0.63369	0.63369	0.63369	0.63369	0.63369	0.63369	0.63369	0.63369	0.63369	0.63369	0.63369	0.63369	0.63369
Homeo domain factors	Hox4	MA1885.1	0.634249	0.634249	0.634249	0.634249	0.634249	0.634249	0.634249	0.634249	0.634249	0.198469	0.634249	0.634249	0.200643	0.200643	0.634249	0.634249	0.634249	0.634249	0.634249	0.634249	0.634249	0.634249	0.200643	0.634249	0.296838	0.415249	0.0491922	0.328529	0.634249	0.634249	0.634249	0.0980643	0.328529	0.634249	0.542943	0.037555	0.634249	0.403234	0.0420187	0.037555	0.0515415	9.89409e-06	9.89409e-06	9.89409e-06	3.36262e-07	8.64729e-06	0.0181103	9.35974e-05	2.11589e-05	1.45939e-05	1.7731e-05	2.8003e-15	0.0	1.26661e-06	0.000738824	2.60324e-05	9.89409e-06	2.72573e-23	1.7731e-05	7.48198e-06	0.000167287	1.7731e-05	1.37161e-05	2.3478e-16	0.0190448	0.000697491	0.000738824	2.26473e-05	0.0491922	0.000108265	3.85383e-05	0.00324709	0.00946279	0.634249	0.634249	0.634249	0.634249	0.634249	0.634249	0.634249	0.634249	0.634249	0.634249	0.634249	0.634249	0.634249
Homeo domain factors	Hox5	MA1886.1	0.628031	0.628031	0.628031	0.628031	0.628031	0.628031	0.628031	0.628031	0.628031	0.0169668	0.628031	0.628031	0.628031	0.628031	0.628031	0.628031	0.628031	0.628031	0.628031	0.628031	0.628031	0.628031	0.00304868	0.628031	0.536544	0.315719	0.0897697	0.00322932	0.628031	0.628031	0.536544	0.141222	0.628031	0.628031	0.430886	0.14498	0.628031	0.430886	0.0258558	0.00322932	0.0191067	8.14095e-07	2.93976e-13	1.55877e-05	4.97388e-07	2.27561e-21	0.0271917	5.09601e-06	8.14095e-07	1.15097e-05	1.5937e-07	3.53603e-05	1.10973e-06	0.0	6.9018e-05	1.5937e-07	8.14095e-07	1.02048e-06	3.19823e-06	9.83324e-14	2.81649e-12	8.14095e-07	1.43164e-08	3.8639e-07	0.0201054	0.000613887	2.04024e-05	1.44946e-07	0.0449912	8.14095e-07	3.19823e-06	0.00745892	0.00393715	0.628031	0.536544	0.628031	0.628031	0.628031	0.628031	0.628031	0.536544	0.628031	0.628031	0.628031	0.628031	0.628031
Homeo domain factors	Isx	MA1889.1	0.631951	0.631951	0.631951	0.631951	0.631951	0.631951	0.631951	0.631951	0.631951	0.209924	0.631951	0.631951	0.631951	0.631951	0.631951	0.631951	0.631951	0.631951	0.631951	0.631951	0.631951	0.631951	0.0385174	0.525508	0.104971	0.019106	0.019106	0.319161	0.271278	0.525508	0.631951	0.122363	0.117382	0.368037	0.271278	0.014269	0.631951	0.356502	0.0370901	0.0494889	0.0241871	1.97545e-12	9.34653e-05	0.000194876	1.19479e-05	1.51093e-06	0.00055383	9.48998e-10	2.49258e-12	1.05531e-09	3.49218e-13	0.000304628	0.000119392	3.7659e-06	0.0	1.96571e-13	1.11323e-12	4.30192e-05	1.05531e-09	5.91908e-07	9.9296e-06	6.23901e-13	1.72571e-10	0.000184285	4.02126e-12	0.000405396	1.74938e-20	1.56501e-15	0.117382	4.02126e-12	2.43973e-17	0.115836	0.0241871	0.631951	0.631951	0.631951	0.631951	0.631951	0.631951	0.631951	0.557232	0.631951	0.631951	0.631951	0.631951	0.631951
Homeo domain factors	Lhx3/4	MA1895.1	0.640468	0.640468	0.640468	0.640468	0.640468	0.640468	0.640468	0.640468	0.640468	0.0642115	0.640468	0.640468	0.640468	0.640468	0.640468	0.640468	0.640468	0.640468	0.640468	0.640468	0.640468	0.640468	0.0267323	0.640468	0.435231	0.0276053	0.0801944	0.220249	0.517367	0.640468	0.640468	0.239688	0.524002	0.640468	0.628562	0.0031985	0.640468	0.640468	0.0994099	0.0267323	0.102109	2.44923e-11	2.93306e-05	0.00019964	5.60719e-06	1.05463e-07	0.00160661	2.44923e-11	1.84241e-14	2.13942e-07	1.50626e-31	0.000719141	9.12844e-05	2.37165e-07	9.77375e-09	0.0	6.7939e-13	1.3798e-05	2.75147e-10	1.93257e-07	1.48651e-06	7.50385e-14	5.96089e-17	3.13468e-05	0.000181768	0.000333183	1.01271e-11	2.68006e-22	0.102109	1.85356e-18	2.28573e-15	0.0373715	0.00216018	0.640468	0.5565	0.640468	0.640468	0.640468	0.640468	0.640468	0.53064	0.640468	0.640468	0.640468	0.640468	0.640468
Homeo domain factors	Lmx-b	MA1896.1	0.608791	0.608791	0.608791	0.608791	0.608791	0.608791	0.608791	0.608791	0.608791	0.0828129	0.608791	0.608791	0.608791	0.608791	0.608791	0.608791	0.608791	0.608791	0.608791	0.608791	0.608791	0.608791	0.00760658	0.42044	0.106075	0.0504473	0.00933611	0.206052	0.548222	0.381763	0.608791	0.0560614	0.175827	0.608791	0.191677	0.0110904	0.608791	0.608791	0.0306524	0.0140469	0.0481698	3.56503e-14	7.61237e-06	7.96695e-06	1.71453e-07	1.53953e-07	0.00191844	1.52967e-11	8.03651e-25	1.41368e-10	1.29595e-14	6.7907e-05	3.66759e-06	1.53953e-07	5.76594e-10	6.52973e-15	0.0	5.51116e-07	2.40956e-12	1.71453e-07	4.68299e-06	1.29595e-14	1.0812e-13	3.80343e-06	5.52442e-06	0.000233247	1.71636e-10	1.7276e-14	0.0342515	2.40956e-12	1.239e-14	0.00983575	0.00632636	0.608791	0.524478	0.608791	0.608791	0.608791	0.608791	0.608791	0.431976	0.608791	0.608791	0.608791	0.608791	0.608791
Homeo domain factors	Meox	MA1898.1	0.635901	0.635901	0.635901	0.635901	0.635901	0.635901	0.635901	0.635901	0.635901	0.130263	0.635901	0.635901	0.165252	0.150778	0.635901	0.635901	0.635901	0.635901	0.635901	0.635901	0.635901	0.635901	0.183843	0.635901	0.297191	0.448445	0.039151	0.387787	0.635901	0.635901	0.635901	0.092479	0.31824	0.635901	0.635901	0.0349521	0.635901	0.411755	0.0452178	0.0431073	0.0634353	1.92038e-06	2.27196e-05	2.59272e-05	1.58259e-06	4.82272e-06	0.00771783	1.26921e-05	7.7761e-06	5.95065e-06	3.98542e-06	4.21624e-12	5.0766900000000003e-23	1.92038e-06	0.000365345	5.95065e-06	3.13408e-06	0.0	3.98542e-06	1.92038e-06	0.00013757	5.43319e-06	5.95065e-06	1.38375e-14	0.00814336	0.000630049	0.000341627	5.95065e-06	0.0431073	3.03294e-05	7.7761e-06	0.00389094	0.00599294	0.635901	0.635901	0.635901	0.635901	0.635901	0.635901	0.635901	0.635901	0.635901	0.635901	0.635901	0.635901	0.635901
Homeo domain factors	Mnx	MA1900.1	0.611995	0.611995	0.611995	0.611995	0.611995	0.611995	0.611995	0.611995	0.611995	0.171002	0.611995	0.611995	0.611995	0.611995	0.611995	0.611995	0.611995	0.611995	0.611995	0.611995	0.611995	0.611995	0.00376542	0.237875	0.0694337	0.030268	0.00793704	0.194188	0.244995	0.285098	0.611995	0.0625102	0.0726267	0.285098	0.40632	0.00838684	0.611995	0.611995	0.0374027	0.0361686	0.0256715	7.71275e-22	8.33041e-06	0.000160682	3.70977e-06	1.57854e-07	3.58892e-05	4.57702e-19	3.3524e-14	4.11588e-17	1.61122e-15	3.08774e-05	2.99707e-06	1.24481e-07	2.13699e-09	4.68701e-15	2.20273e-15	1.40117e-07	0.0	5.31502e-08	4.07267e-06	1.51783e-20	2.77124e-13	2.97197e-05	7.54697e-07	0.000800099	2.61918e-08	9.84432e-14	0.148086	5.26053e-13	4.11588e-17	0.0561899	0.0142366	0.611995	0.611995	0.611995	0.611995	0.611995	0.611995	0.611995	0.611995	0.611995	0.611995	0.611995	0.611995	0.611995
Homeo domain factors	Msx	MA1901.1	0.623352	0.623352	0.623352	0.623352	0.623352	0.623352	0.623352	0.623352	0.623352	0.0212118	0.623352	0.623352	0.623352	0.623352	0.623352	0.623352	0.623352	0.623352	0.623352	0.623352	0.623352	0.623352	0.00508679	0.623352	0.319698	0.28195	0.0418101	0.0131051	0.623352	0.623352	0.585186	0.0902075	0.404279	0.623352	0.535866	0.0902075	0.623352	0.572922	0.0345297	0.0165545	0.036228	7.54657e-08	1.84624e-10	3.48381e-06	3.25883e-08	1.2212e-17	0.0329089	5.38805e-07	1.56767e-06	5.56928e-07	7.54657e-08	2.04051e-05	3.24247e-06	9.23635e-15	1.52729e-05	8.37399e-08	7.9137e-07	5.56928e-07	9.65328e-07	0.0	1.84702e-09	5.10866e-08	3.81758e-08	7.9137e-07	0.00226125	0.000970631	1.13576e-05	1.09801e-08	0.0466341	8.73748e-07	2.62112e-07	0.00621262	0.00621262	0.623352	0.345177	0.623352	0.623352	0.623352	0.623352	0.623352	0.50476	0.623352	0.623352	0.623352	0.597385	0.623352
Homeo domain factors	Nk-1	MA1903.1	0.640468	0.640468	0.640468	0.640468	0.640468	0.640468	0.640468	0.640468	0.640468	0.00456439	0.640468	0.640468	0.640468	0.640468	0.640468	0.640468	0.640468	0.640468	0.640468	0.33729	0.640468	0.640468	0.00613488	0.640468	0.427069	0.0737871	0.0491889	0.00023749	0.640468	0.640468	0.38465	0.0468623	0.458152	0.640468	0.640468	0.151118	0.640468	0.210772	0.00613488	0.000833016	0.00514042	1.69251e-05	4.93761e-08	0.000117028	1.0817e-05	2.10907e-12	0.0516207	3.16257e-05	3.27934e-06	0.000117028	5.53153e-07	0.00162823	0.000245599	5.19026e-13	0.000117028	5.53153e-07	1.13776e-05	0.000117028	3.73426e-05	6.11849e-09	0.0	5.64395e-06	6.77337e-07	9.67786e-05	0.0343374	0.00456439	1.69251e-05	6.56404e-07	0.0819715	2.78709e-06	1.34825e-05	0.010099	0.00514042	0.640468	0.356065	0.640468	0.640468	0.640468	0.640468	0.640468	0.427069	0.640468	0.640468	0.640468	0.640468	0.640468
Homeo domain factors	Nk-3	MA1904.1	0.623352	0.623352	0.623352	0.623352	0.623352	0.623352	0.623352	0.623352	0.623352	0.135661	0.623352	0.623352	0.623352	0.623352	0.623352	0.623352	0.623352	0.623352	0.623352	0.623352	0.623352	0.623352	0.00350876	0.493293	0.190601	0.0307194	0.0168746	0.141214	0.261739	0.592446	0.623352	0.079472	0.195316	0.399956	0.5088	0.00476984	0.623352	0.623352	0.0292429	0.0260698	0.0344168	7.46925e-23	4.23754e-06	6.59603e-05	8.1216e-07	1.07576e-08	0.000301052	1.1373099999999999e-22	1.5196e-15	3.68145e-15	5.1115300000000005e-19	5.70789e-05	4.60447e-06	4.04897e-08	1.0372e-11	8.17419e-20	5.27018e-17	4.23452e-07	8.17419e-20	1.94009e-09	1.18577e-06	0.0	6.10842e-16	1.80282e-05	5.46676e-07	0.000274769	2.5676e-11	8.70485e-21	0.0760026	4.02632e-16	1.43043e-20	0.0451978	0.00633779	0.623352	0.623352	0.623352	0.623352	0.623352	0.623352	0.623352	0.623352	0.623352	0.623352	0.623352	0.623352	0.623352
Homeo domain factors	Nkx3	MA1905.1	0.655933	0.655933	0.655933	0.655933	0.655933	0.655933	0.655933	0.655933	0.655933	0.0267031	0.655933	0.655933	0.655933	0.655933	0.655933	0.655933	0.655933	0.655933	0.655933	0.655933	0.655933	0.655933	0.0336338	0.655933	0.632608	0.0479822	0.146717	0.133771	0.584809	0.655933	0.598267	0.276985	0.655933	0.655933	0.638399	0.00969226	0.655933	0.655933	0.192004	0.0238333	0.242972	6.46968e-10	9.69365e-07	2.576e-05	2.30427e-06	3.02006e-09	0.0029981	5.05166e-09	8.80409e-13	4.93477e-07	7.67904e-17	0.000604925	2.576e-05	1.33079e-08	3.29802e-07	7.67904e-17	2.13119e-11	1.16469e-05	5.05166e-09	9.45407e-08	1.21723e-06	2.13119e-11	0.0	3.6054e-06	0.00147016	0.000216511	3.02006e-09	1.8619e-18	0.152475	6.59684e-14	2.38059e-10	0.0142044	0.00246785	0.655933	0.37822	0.655933	0.655933	0.655933	0.655933	0.655933	0.324925	0.655933	0.655933	0.655933	0.655933	0.655933
Homeo domain factors	Noto	MA1906.1	0.648113	0.648113	0.648113	0.648113	0.648113	0.648113	0.648113	0.648113	0.648113	0.0783974	0.648113	0.648113	0.297292	0.129318	0.648113	0.648113	0.648113	0.648113	0.648113	0.648113	0.648113	0.648113	0.362328	0.648113	0.550179	0.563618	0.142069	0.353623	0.648113	0.648113	0.648113	0.168652	0.603895	0.648113	0.648113	0.0750982	0.648113	0.577059	0.112897	0.0609372	0.155922	9.09621e-05	1.13265e-05	8.05247e-06	6.96014e-07	1.29458e-06	0.067711	0.00038938	3.96562e-05	0.000341738	3.96562e-05	1.03279e-10	1.66996e-14	1.26808e-06	0.00230568	3.31069e-05	2.25045e-05	1.40731e-13	0.000255648	5.58462e-06	0.000145343	0.000136041	8.05247e-06	0.0	0.0928833	0.00038938	0.000920225	3.31069e-05	0.0452522	0.000183371	0.00026601	0.000473311	0.00265969	0.648113	0.648113	0.648113	0.648113	0.648113	0.648113	0.648113	0.648113	0.648113	0.648113	0.648113	0.648113	0.648113
Homeo domain factors	Otp	MA1907.1	0.602929	0.602929	0.602929	0.602929	0.602929	0.602929	0.602929	0.602929	0.602929	0.46081	0.602929	0.602929	0.575196	0.602929	0.602929	0.602929	0.602929	0.602929	0.602929	0.602929	0.602929	0.602929	0.0377327	0.0661216	0.0212591	0.0394042	0.00185644	0.526223	0.162318	0.0810698	0.602929	0.0514435	0.0212591	0.106439	0.219647	0.013139	0.602929	0.282653	0.0433559	0.0730902	0.0138558	8.94669e-15	0.000447577	0.000277894	8.51328e-06	1.69526e-05	3.57002e-05	4.6497e-11	2.8898e-11	5.21688e-16	2.60133e-10	2.67594e-05	5.55536e-05	2.84522e-05	1.0164100000000002e-18	2.22526e-10	8.93801e-12	1.44682e-05	4.52986e-12	2.12061e-06	8.10866e-05	6.42299e-13	3.69417e-08	0.000263181	0.0	0.00175113	2.27877e-12	3.94816e-11	0.168826	1.10962e-09	9.97874e-15	0.142153	0.0628478	0.602929	0.602929	0.602929	0.602929	0.602929	0.602929	0.602929	0.602929	0.602929	0.602929	0.602929	0.602929	0.602929
Homeo domain factors	Otx	MA1908.1	0.641759	0.641759	0.641759	0.641759	0.641759	0.641759	0.641759	0.641759	0.637297	0.0451587	0.641759	0.641759	0.503341	0.379189	0.641759	0.641759	0.641759	0.641759	0.641759	0.641759	0.641759	0.641759	0.231189	0.641759	0.226571	0.252774	0.367787	0.139675	0.641759	0.641759	0.326356	0.0595544	0.232063	0.641759	0.555231	0.00166286	0.641759	0.641759	0.123592	0.0451587	0.226571	0.000142095	0.000116351	0.00154427	0.000722716	0.000102723	0.071369	0.000587881	0.000130857	0.00126978	5.88326e-05	0.000775706	0.000130857	0.000103386	0.000491848	3.99502e-05	0.000102723	0.000103386	0.000704688	0.000164178	0.000815096	0.000130857	2.6153e-05	5.05224e-05	0.0689642	0.0	0.000118924	2.6153e-05	0.00190265	0.000102723	0.000136151	0.000615275	0.000513487	0.641759	0.128751	0.641759	0.401998	0.641759	0.589325	0.641759	0.0765511	0.0707118	0.490413	0.556029	0.071369	0.641759
Homeo domain factors	Prop	MA1909.1	0.647392	0.647392	0.647392	0.647392	0.647392	0.647392	0.647392	0.647392	0.647392	0.0927071	0.647392	0.647392	0.647392	0.647392	0.647392	0.647392	0.647392	0.647392	0.647392	0.647392	0.647392	0.647392	0.0779903	0.647392	0.34555	0.0106578	0.0564884	0.288576	0.334436	0.647392	0.522075	0.189955	0.308842	0.555095	0.501525	0.00939426	0.647392	0.647392	0.0967563	0.0506742	0.140546	1.24422e-08	0.000133021	0.000356539	3.61563e-05	2.68008e-06	0.00210582	6.69914e-08	1.33144e-13	2.68008e-06	1.84815e-14	0.00182989	0.00058073	4.83688e-06	1.83848e-17	5.15456e-15	5.33251e-11	0.000205664	2.96859e-07	4.50803e-06	5.88006e-06	1.62177e-10	1.60294e-11	0.000281794	3.71093e-06	0.000511281	0.0	7.91814e-17	0.116146	2.76009e-13	3.98975e-14	0.100956	0.00826592	0.647392	0.642372	0.647392	0.647392	0.647392	0.647392	0.647392	0.450433	0.647392	0.647392	0.647392	0.647392	0.647392
Homeo domain factors	Rax	MA1910.1	0.644007	0.644007	0.644007	0.644007	0.644007	0.644007	0.644007	0.644007	0.644007	0.0770586	0.644007	0.644007	0.644007	0.644007	0.644007	0.644007	0.644007	0.644007	0.644007	0.644007	0.644007	0.644007	0.0269315	0.644007	0.388882	0.0243504	0.0654844	0.134502	0.466498	0.644007	0.524565	0.185688	0.479243	0.644007	0.517822	0.00517271	0.644007	0.644007	0.106974	0.0166684	0.122511	2.32604e-12	6.89999e-06	0.000148651	3.05798e-06	2.0915e-08	0.00314394	3.87721e-11	3.60131e-14	3.49781e-08	1.9324e-24	0.000454585	4.51135e-05	5.73245e-08	9.31722e-11	1.9324e-24	8.57177e-14	1.06202e-05	1.06976e-09	1.49839e-08	7.2961e-07	4.7898e-16	2.9306e-20	2.55099e-05	0.000108833	0.000142374	1.24056e-13	0.0	0.16141	4.25038e-17	2.96532e-18	0.0432649	0.00360223	0.644007	0.615487	0.644007	0.644007	0.644007	0.644007	0.644007	0.517822	0.644007	0.644007	0.644007	0.644007	0.644007
Homeo domain factors	Six3/6	MA1912.1	0.821868	0.821868	0.821868	0.821868	0.821868	0.821868	0.821868	0.821868	0.821868	0.0730034	0.821868	0.821868	0.512842	0.273302	0.821868	0.821868	0.821868	0.821868	0.821868	0.821868	0.821868	0.821868	0.821868	0.821868	0.821868	0.821868	0.821868	0.423173	0.821868	0.821868	0.72378	0.611059	0.821868	0.821868	0.821868	0.11915	0.821868	0.821868	0.72378	0.139817	0.72378	0.11915	0.0793488	0.200333	0.13762	0.0730034	0.821868	0.139817	0.0807112	0.256361	0.0730034	0.109068	0.0730034	0.0730034	0.234674	0.0730034	0.0730034	0.0730034	0.184915	0.0730034	0.0730034	0.109068	0.0730034	0.062002	0.821868	0.0271008	0.11915	0.0860056	0.0	0.13939	0.109068	1.6284e-05	0.000342769	0.821868	0.821868	0.321889	0.279442	0.332332	0.821868	0.144547	0.72378	0.821868	0.821868	0.821868	0.821868	0.821868
Homeo domain factors	Tlx	MA1924.1	0.647327	0.647327	0.647327	0.647327	0.647327	0.647327	0.647327	0.647327	0.647327	0.103058	0.647327	0.647327	0.647327	0.647327	0.647327	0.647327	0.647327	0.647327	0.647327	0.647327	0.647327	0.647327	0.0431924	0.647327	0.457221	0.0149761	0.107287	0.265999	0.409416	0.647327	0.647327	0.207053	0.507374	0.599573	0.647327	0.00110649	0.647327	0.647327	0.180714	0.0244117	0.214527	3.39376e-09	0.000107425	0.00112323	5.19067e-05	6.27232e-07	0.0017292	8.56505e-10	1.86827e-11	2.15238e-06	1.5687700000000002e-23	0.00224709	0.000402006	1.76906e-06	5.9175e-08	2.3820700000000002e-18	3.53229e-10	0.000102014	9.33572e-09	2.61239e-06	4.54352e-06	2.32811e-11	4.05275e-14	0.000306579	0.000402006	0.00112323	5.53897e-10	1.78011e-15	0.353234	0.0	2.40887e-13	0.048688	0.00175125	0.647327	0.647327	0.647327	0.647327	0.647327	0.647327	0.647327	0.647327	0.647327	0.647327	0.647327	0.647327	0.647327
Homeo domain factors	Uncx-b	MA1925.1	0.634249	0.634249	0.634249	0.634249	0.634249	0.634249	0.634249	0.634249	0.634249	0.225829	0.634249	0.634249	0.634249	0.634249	0.634249	0.634249	0.634249	0.634249	0.634249	0.634249	0.634249	0.634249	0.0172203	0.634249	0.122535	0.0172203	0.0156091	0.225829	0.269206	0.576705	0.634249	0.100177	0.162665	0.36538	0.314832	0.00281692	0.634249	0.634249	0.0923331	0.0249295	0.0609487	9.0708e-16	6.73521e-05	0.000333013	1.05391e-05	9.9189e-07	0.00104281	3.99682e-14	3.21678e-15	1.4509e-10	1.49226e-19	0.000132383	4.07931e-05	1.07857e-06	1.33917e-13	9.40581e-19	1.23356e-14	4.21669e-06	2.80448e-14	1.30487e-07	7.31568e-06	2.88614e-18	8.4452e-13	8.28885e-05	5.93421e-07	0.000525657	6.19796e-13	5e-20	0.134247	2.21346e-15	0.0	0.0747085	0.0099133	0.634249	0.634249	0.634249	0.634249	0.634249	0.634249	0.634249	0.634249	0.634249	0.634249	0.634249	0.634249	0.634249
Other C4 zinc finger-type factors	GATA-a	MA1874.1	0.737684	0.737684	0.737684	0.737684	0.737684	0.737684	0.737684	0.737684	0.737684	0.04209	0.737684	0.737684	0.211988	0.0772225	0.737684	0.737684	0.737684	0.737684	0.737684	0.737684	0.737684	0.737684	0.593192	0.737684	0.737684	0.290264	0.737684	0.688783	0.737684	0.737684	0.737684	0.430649	0.737684	0.737684	0.737684	0.037229	0.737684	0.737684	0.155618	0.0373868	0.290264	0.0891688	0.0158725	0.0158725	0.0148182	0.0158725	0.737684	0.192764	0.0244748	0.175087	0.037229	0.0346682	0.0158725	0.0158725	0.296283	0.0346682	0.0346682	0.0148182	0.149623	0.0158725	0.0220665	0.0891688	0.0158725	0.00136003	0.737684	0.0158725	0.138323	0.0373868	8.08602e-05	0.0416989	0.10454	0.0	3.32519e-12	0.737684	0.737684	0.737684	0.518131	0.737684	0.737684	0.737684	0.359888	0.62176	0.737684	0.737684	0.290264	0.737684
Other C4 zinc finger-type factors	GATA1/2/3	MA1875.1	0.764661	0.764661	0.764661	0.764661	0.764661	0.764661	0.764661	0.764661	0.764661	0.418274	0.764661	0.764661	0.673112	0.418274	0.764661	0.764661	0.764661	0.764661	0.764661	0.764661	0.764661	0.764661	0.247125	0.764661	0.764661	0.0970513	0.475699	0.521848	0.764661	0.764661	0.718031	0.529854	0.764661	0.764661	0.764661	0.0289304	0.764661	0.764661	0.193867	0.0578442	0.365747	0.100687	0.0365441	0.144317	0.0461719	0.0281874	0.764661	0.0898355	0.0348726	0.378378	0.0106478	0.0930041	0.0381629	0.0221821	0.204816	0.0110791	0.0356602	0.0281874	0.126215	0.0317363	0.0285059	0.0486228	0.0121555	0.0121641	0.764661	0.0187338	0.0423504	0.01522	0.00394234	0.0121555	0.0381629	1.24195e-11	0.0	0.764661	0.764661	0.764661	0.764661	0.764661	0.764661	0.764661	0.629341	0.764661	0.764661	0.764661	0.521848	0.764661
Rel homology region (RHR) factors	NFkb	MA1902.1	0.938711	0.938711	0.938711	0.938711	0.938711	0.938711	0.938711	0.938711	0.938711	0.0307733	0.938711	0.938711	0.938711	0.938711	0.938711	0.938711	0.938711	0.938711	0.292047	0.938711	0.938711	0.938711	0.938711	0.938711	0.938711	0.938711	0.938711	0.938711	0.938711	0.938711	0.938711	0.938711	0.938711	0.938711	0.938711	0.938711	0.938711	0.938711	0.938711	0.938711	0.938711	0.938711	0.817654	0.193449	0.938711	0.938711	0.938711	0.938711	0.938711	0.938711	0.938711	0.938711	0.938711	0.938711	0.938711	0.938711	0.938711	0.938711	0.938711	0.938711	0.938711	0.938711	0.938711	0.938711	0.938711	0.0459004	0.938711	0.938711	0.938711	0.938711	0.938711	0.749751	0.759057	0.0	7.61301e-07	0.938711	0.938711	0.938711	0.938711	0.938711	0.0459004	0.0459004	0.159759	0.329928	0.0513231	0.938711
Rel homology region (RHR) factors	Rel	MA1911.1	0.725941	0.725941	0.286377	0.725941	0.179222	0.725941	0.725941	0.725941	0.725941	0.00259052	0.725941	0.725941	0.725941	0.725941	0.725941	0.725941	0.485095	0.725941	0.603943	0.725941	0.725941	0.725941	0.542715	0.725941	0.725941	0.725941	0.725941	0.725941	0.725941	0.725941	0.572673	0.725941	0.725941	0.725941	0.725941	0.725941	0.725941	0.725941	0.725941	0.35602	0.725941	0.0994474	0.00650851	0.000680857	0.00650851	0.0114832	0.725941	0.189533	0.0181294	0.189533	0.0118422	0.572673	0.173084	0.0118422	0.197734	0.0122448	0.0322832	0.241529	0.173084	0.011761	0.0101821	0.0797492	0.00650851	0.131575	0.725941	0.0118422	0.0309404	0.0142348	0.712713	0.0172777	0.066882	0.572673	0.572673	5.99929e-05	0.0	0.725941	0.725941	0.725941	0.725941	0.725941	0.000400592	0.00650851	0.0181294	0.0420864	0.0101821	0.725941
T-Box factors	Brachyury	MA1846.1	0.941021	0.202676	0.289689	0.768605	0.289689	0.576355	0.593234	0.0391893	0.816836	0.227906	0.941021	0.941021	0.941021	0.941021	0.941021	0.941021	0.275882	0.941021	0.593234	0.0465392	0.941021	0.941021	0.941021	0.941021	0.941021	0.576355	0.941021	0.0928318	0.941021	0.941021	0.289689	0.576355	0.941021	0.941021	0.799027	0.655945	0.941021	0.941021	0.941021	0.331746	0.941021	0.941021	0.941021	0.941021	0.941021	0.941021	0.941021	0.941021	0.941021	0.941021	0.941021	0.941021	0.941021	0.941021	0.941021	0.941021	0.941021	0.941021	0.941021	0.941021	0.76622	0.941021	0.941021	0.941021	0.941021	0.855088	0.941021	0.941021	0.0478234	0.941021	0.941021	0.751297	0.875462	0.941021	0.941021	0.0	4.46275e-14	6.78779e-10	7.5655e-05	6.78779e-10	0.941021	0.941021	0.941021	0.941021	0.941021	0.941021
T-Box factors	Tbox-a	MA1919.1	0.909203	0.19059	0.370134	0.306947	0.284638	0.457153	0.43821	0.0476927	0.909203	0.0616987	0.909203	0.909203	0.909203	0.738674	0.909203	0.155508	0.0141483	0.457153	0.209572	0.0169716	0.909203	0.909203	0.909203	0.909203	0.909203	0.457153	0.909203	0.0362739	0.909203	0.909203	0.292998	0.19059	0.840218	0.909203	0.909203	0.575276	0.909203	0.909203	0.909203	0.306947	0.909203	0.909203	0.909203	0.909203	0.909203	0.909203	0.909203	0.909203	0.909203	0.909203	0.909203	0.909203	0.909203	0.909203	0.909203	0.909203	0.909203	0.909203	0.909203	0.909203	0.909203	0.909203	0.840218	0.909203	0.909203	0.201069	0.909203	0.909203	0.0583374	0.909203	0.909203	0.0762335	0.306947	0.909203	0.909203	1.86854e-12	0.0	8.52254e-10	3.31532e-05	3.28943e-08	0.909203	0.46995	0.909203	0.909203	0.909203	0.909203
T-Box factors	Tbox-b	MA1920.1	0.942159	0.16289	0.270076	0.893765	0.254524	0.213799	0.603562	0.0345121	0.603562	0.213799	0.942159	0.942159	0.942159	0.942159	0.942159	0.942159	0.776329	0.942159	0.603562	0.0211105	0.942159	0.942159	0.942159	0.942159	0.942159	0.942159	0.942159	0.841553	0.942159	0.942159	0.603562	0.942159	0.942159	0.942159	0.942159	0.841553	0.942159	0.942159	0.942159	0.928737	0.942159	0.942159	0.942159	0.942159	0.942159	0.841553	0.942159	0.942159	0.942159	0.942159	0.942159	0.942159	0.942159	0.841553	0.942159	0.942159	0.942159	0.942159	0.942159	0.942159	0.729051	0.942159	0.942159	0.942159	0.942159	0.942159	0.942159	0.942159	0.0606883	0.942159	0.942159	0.603562	0.776329	0.942159	0.942159	5.62143e-10	3.16663e-10	0.0	2.23202e-05	4.78933e-12	0.942159	0.942159	0.942159	0.942159	0.942159	0.942159
T-Box factors	Tbx15/18/22	MA1921.1	0.925486	0.0260588	0.308109	0.925486	0.206585	0.12889	0.158161	0.0144314	0.528106	0.158161	0.925486	0.925486	0.925486	0.925486	0.925486	0.925486	0.103326	0.925486	0.351593	0.0140389	0.925486	0.925486	0.925486	0.925486	0.925486	0.590205	0.925486	0.386465	0.925486	0.925486	0.122292	0.925486	0.925486	0.925486	0.925486	0.925486	0.925486	0.925486	0.925486	0.555544	0.925486	0.925486	0.925486	0.925486	0.925486	0.925486	0.925486	0.925486	0.925486	0.925486	0.925486	0.925486	0.925486	0.925486	0.925486	0.925486	0.925486	0.925486	0.925486	0.925486	0.545556	0.925486	0.925486	0.925486	0.925486	0.600132	0.925486	0.925486	0.122292	0.925486	0.925486	0.825622	0.545556	0.925486	0.925486	4.41833e-07	6.8596e-08	2.5627e-07	0.0	1.24801e-09	0.925486	0.925486	0.925486	0.925486	0.925486	0.925486
T-Box factors	Tbx2/3	MA1922.1	0.96312	0.420495	0.866887	0.926404	0.956238	0.538271	0.880099	0.169896	0.926404	0.511861	0.96312	0.96312	0.96312	0.96312	0.96312	0.96312	0.475726	0.96312	0.811827	0.169896	0.96312	0.96312	0.96312	0.96312	0.96312	0.684141	0.96312	0.511861	0.96312	0.96312	0.538271	0.866887	0.96312	0.96312	0.943885	0.511861	0.96312	0.96312	0.834858	0.431318	0.820796	0.96312	0.96312	0.96312	0.96312	0.96312	0.96312	0.96312	0.96312	0.96312	0.96312	0.96312	0.96312	0.96312	0.96312	0.96312	0.96312	0.96312	0.96312	0.96312	0.96312	0.96312	0.96312	0.96312	0.96312	0.888868	0.96312	0.96312	0.00562213	0.96312	0.96312	0.834858	0.96312	0.96312	0.96312	8.03977e-10	3.12868e-09	1.8177e-13	2.01151e-07	0.0	0.96312	0.96312	0.96312	0.96312	0.96312	0.96312
Tryptophan cluster factors	Erf-a	MA1853.1	0.881273	0.265497	0.47515	0.881273	0.727919	0.881273	0.800426	0.881273	0.881273	0.0786733	0.881273	0.881273	0.881273	0.881273	0.881273	0.881273	0.480843	0.881273	0.881273	0.881273	0.881273	0.881273	0.881273	0.881273	0.881273	0.881273	0.881273	0.881273	0.881273	0.881273	0.881273	0.881273	0.881273	0.881273	0.881273	0.881273	0.881273	0.881273	0.881273	0.755988	0.881273	0.559852	0.234914	0.265497	0.410685	0.234914	0.881273	0.86944	0.234914	0.881273	0.234914	0.881273	0.881273	0.234914	0.581607	0.234914	0.26201	0.881273	0.755988	0.240138	0.234914	0.52672	0.146719	0.881273	0.881273	0.234914	0.234914	0.234914	0.510977	0.234914	0.581607	0.234914	0.234914	0.881273	0.0108313	0.881273	0.881273	0.881273	0.881273	0.881273	0.0	2.08692e-06	1.45418e-05	1.53997e-08	3.72953e-07	0.881273
Tryptophan cluster factors	Etv1/4/5	MA1854.1	0.952437	0.952437	0.952437	0.952437	0.952437	0.952437	0.952437	0.952437	0.952437	0.0466109	0.952437	0.952437	0.952437	0.952437	0.952437	0.952437	0.952437	0.952437	0.952437	0.370487	0.952437	0.952437	0.952437	0.952437	0.952437	0.952437	0.952437	0.952437	0.952437	0.952437	0.952437	0.952437	0.952437	0.952437	0.952437	0.952437	0.952437	0.952437	0.952437	0.952437	0.952437	0.952437	0.952437	0.952437	0.952437	0.952437	0.952437	0.952437	0.952437	0.952437	0.952437	0.952437	0.952437	0.952437	0.952437	0.952437	0.952437	0.952437	0.952437	0.952437	0.952437	0.952437	0.952437	0.952437	0.952437	0.410329	0.952437	0.952437	0.952437	0.952437	0.952437	0.952437	0.952437	0.952437	0.35427	0.952437	0.952437	0.952437	0.952437	0.952437	1.44582e-05	0.0	1.47517e-14	4.47671e-10	1.25133e-18	0.952437
Tryptophan cluster factors	Fli-Erg-a	MA1855.1	0.952437	0.952437	0.952437	0.952437	0.952437	0.952437	0.952437	0.952437	0.952437	0.111553	0.952437	0.952437	0.952437	0.952437	0.952437	0.952437	0.952437	0.952437	0.952437	0.952437	0.952437	0.952437	0.952437	0.952437	0.952437	0.952437	0.952437	0.952437	0.952437	0.952437	0.952437	0.952437	0.952437	0.952437	0.952437	0.952437	0.952437	0.952437	0.952437	0.952437	0.952437	0.952437	0.952437	0.952437	0.952437	0.952437	0.952437	0.952437	0.952437	0.952437	0.952437	0.952437	0.952437	0.952437	0.952437	0.952437	0.952437	0.952437	0.952437	0.952437	0.952437	0.952437	0.952437	0.952437	0.952437	0.952437	0.952437	0.952437	0.952437	0.952437	0.952437	0.945203	0.952437	0.952437	0.236268	0.952437	0.952437	0.952437	0.952437	0.952437	4.14237e-06	6.64133e-19	0.0	8.45372e-15	2.50042e-18	0.952437
Tryptophan cluster factors	Fli-Erg-b	MA1856.1	0.952437	0.421817	0.952437	0.952437	0.952437	0.952437	0.506827	0.824393	0.952437	0.0485465	0.952437	0.952437	0.952437	0.952437	0.952437	0.952437	0.952437	0.952437	0.952437	0.362003	0.952437	0.952437	0.952437	0.952437	0.952437	0.952437	0.952437	0.952437	0.952437	0.952437	0.952437	0.952437	0.952437	0.952437	0.952437	0.952437	0.952437	0.952437	0.952437	0.952437	0.952437	0.952437	0.952437	0.952437	0.952437	0.952437	0.952437	0.952437	0.952437	0.952437	0.952437	0.952437	0.952437	0.952437	0.952437	0.952437	0.952437	0.952437	0.952437	0.952437	0.952437	0.952437	0.952437	0.952437	0.952437	0.373046	0.952437	0.952437	0.879004	0.952437	0.952437	0.421817	0.647219	0.952437	0.171248	0.952437	0.952437	0.952437	0.952437	0.952437	5.80972e-11	3.33667e-14	6.87616e-16	0.0	3.28822e-16	0.952437
Tryptophan cluster factors	Fli-Erg-c	MA1857.1	0.952437	0.952437	0.952437	0.952437	0.952437	0.952437	0.952437	0.952437	0.952437	0.0490356	0.952437	0.952437	0.952437	0.952437	0.952437	0.952437	0.952437	0.952437	0.952437	0.952437	0.952437	0.952437	0.952437	0.952437	0.952437	0.952437	0.952437	0.952437	0.952437	0.952437	0.952437	0.952437	0.952437	0.952437	0.952437	0.952437	0.952437	0.952437	0.952437	0.952437	0.952437	0.952437	0.952437	0.952437	0.952437	0.952437	0.952437	0.952437	0.952437	0.952437	0.952437	0.952437	0.952437	0.952437	0.952437	0.952437	0.952437	0.952437	0.952437	0.952437	0.952437	0.952437	0.952437	0.952437	0.952437	0.658304	0.952437	0.952437	0.952437	0.952437	0.952437	0.658304	0.678486	0.952437	0.658304	0.952437	0.952437	0.952437	0.952437	0.952437	3.31022e-06	5.19673e-17	8.50438e-13	3.84859e-11	0.0	0.952437
Tryptophan cluster factors	Irf-b	MA1888.1	0.987496	0.987496	0.987496	0.987496	0.987496	0.987496	0.987496	0.987496	0.987496	0.987496	0.987496	0.987496	0.987496	0.987496	0.987496	0.987496	0.987496	0.987496	0.987496	0.987496	0.987496	0.987496	0.987496	0.987496	0.987496	0.987496	0.987496	0.987496	0.987496	0.987496	0.987496	0.987496	0.987496	0.987496	0.987496	0.633335	0.987496	0.987496	0.987496	0.987496	0.987496	0.987496	0.987496	0.987496	0.987496	0.987496	0.987496	0.987496	0.987496	0.987496	0.987496	0.987496	0.987496	0.987496	0.987496	0.987496	0.987496	0.987496	0.987496	0.987496	0.987496	0.987496	0.987496	0.987496	0.987496	0.987496	0.987496	0.987496	0.17528	0.987496	0.987496	0.987496	0.987496	0.987496	0.987496	0.987496	0.987496	0.987496	0.987496	0.987496	0.554114	0.987496	0.987496	0.987496	0.88752	0.0
